leadScore,leadType,isBroker,isInvestor,isWorkOpportunity,businessName,contactName,email,phone,website,city,state,country,address,category,tags,rating,reviewCount,description,source,googleMapsUrl,listingUrl,notes,commissionPitch,scrapedAt
High,broker,True,False,False,Christie's International Real Estate Mexico Luxury Properties,,,+52 984 217 1713,https://www.christiesrealestatemexico.com/,Playa del Carmen,Quintana Roo,Mexico,"CRUZ DE SERVICIO, Local 205, Av. P.º Central Manzana 2 L1, 77723 Playa del Carmen, Q.R., México",Agencia inmobiliaria,real-estate,4.7,107,,Google Maps,https://www.google.com/maps/search/?api=1&query=Christie's%20International%20Real%20Estate%20Mexico%20Luxury%20Properties&query_place_id=ChIJ70elORJDTo8RKNVA1Sdpizg,,WhatsApp +52 984 217 1713 — offer referral commission,"Hola Christie's International Real Estate Mexico Luxury Properties,

Soy de Recrea Construction, empresa constructora en Playa del Carmen y la Riviera Maya.

Te invitamos a nuestro programa de referidos: por cada cliente que construya con nosotros te damos una COMISIÓN COMPETITIVA.

✅ Comisión atractiva ✅ Residencial/comercial/hoteles boutique ✅ Experiencia comprobada

¿Tienes clientes que buscan construir? ¡Hablemos!

Recrea Construction Riviera Maya",2026-03-13T05:37:22.617967
Low,broker,True,False,False,PLAYA REALTORS ® Real Estate Agency | Main Office,,,,https://www.playarealtors.co/,Playa del Carmen,Quintana Roo,Mexico,"Real Estate Office, 1ra. Av, entre calle 20 y 22, Calle 20 Nte, Gonzalo Guerrero, 77710 Playa del Carmen, Q.R., México",Agentes inmobiliarios,real-estate,5,124,,Google Maps,https://www.google.com/maps/search/?api=1&query=PLAYA%20REALTORS%20%C2%AE%20Real%20Estate%20Agency%20%7C%20Main%20Office&query_place_id=ChIJf5EuPSxDTo8RWL0kxduUvfc,,Find contact for commission offer,"Hola PLAYA REALTORS ® Real Estate Agency | Main Office,

Soy de Recrea Construction, empresa constructora en Playa del Carmen y la Riviera Maya.

Te invitamos a nuestro programa de referidos: por cada cliente que construya con nosotros te damos una COMISIÓN COMPETITIVA.

✅ Comisión atractiva ✅ Residencial/comercial/hoteles boutique ✅ Experiencia comprobada

¿Tienes clientes que buscan construir? ¡Hablemos!

Recrea Construction Riviera Maya",2026-03-13T05:37:22.617993
High,broker,True,False,False,Living Riviera Maya Real Estate,,,+52 984 116 3251,http://www.livingrivieramaya.com/,Playa del Carmen,Quintana Roo,Mexico,"25 Avenida Nte, Centro, 77710 Playa del Carmen, Q.R., México",Agencia inmobiliaria,real-estate,4.9,98,,Google Maps,https://www.google.com/maps/search/?api=1&query=Living%20Riviera%20Maya%20Real%20Estate&query_place_id=ChIJVVVVlTxDTo8ReqUCUMOO4QE,,WhatsApp +52 984 116 3251 — offer referral commission,"Hola Living Riviera Maya Real Estate,

Soy de Recrea Construction, empresa constructora en Playa del Carmen y la Riviera Maya.

Te invitamos a nuestro programa de referidos: por cada cliente que construya con nosotros te damos una COMISIÓN COMPETITIVA.

✅ Comisión atractiva ✅ Residencial/comercial/hoteles boutique ✅ Experiencia comprobada

¿Tienes clientes que buscan construir? ¡Hablemos!

Recrea Construction Riviera Maya",2026-03-13T05:37:22.618006
High,broker,True,False,False,Casas y Lotes Riviera Maya,,,+52 984 688 4537,,Playa del Carmen,Quintana Roo,Mexico,"C. Río San Fernando 298, 77723 Playa del Carmen, Q.R., México",Agencia inmobiliaria,real-estate,4.4,14,,Google Maps,https://www.google.com/maps/search/?api=1&query=Casas%20y%20Lotes%20Riviera%20Maya&query_place_id=ChIJ325L8cdCTo8RkMJ4TVvX4bs,,WhatsApp +52 984 688 4537 — offer referral commission,"Hola Casas y Lotes Riviera Maya,

Soy de Recrea Construction, empresa constructora en Playa del Carmen y la Riviera Maya.

Te invitamos a nuestro programa de referidos: por cada cliente que construya con nosotros te damos una COMISIÓN COMPETITIVA.

✅ Comisión atractiva ✅ Residencial/comercial/hoteles boutique ✅ Experiencia comprobada

¿Tienes clientes que buscan construir? ¡Hablemos!

Recrea Construction Riviera Maya",2026-03-13T05:37:22.618015
High,broker,True,False,False,"Caribe Luxury Homes Mexico - Buy Real Estate in Playa del Carmen, Tulum & Cancun",,,+52 984 277 7149,http://www.listing.caribeluxuryhomes.com/,Playa del Carmen,Quintana Roo,Mexico,"26 Plaza Antigua, Playacar, 77723 Playa del Carmen, Q.R., México",Agentes inmobiliarios,real-estate,5,6,,Google Maps,https://www.google.com/maps/search/?api=1&query=Caribe%20Luxury%20Homes%20Mexico%20-%20Buy%20Real%20Estate%20in%20Playa%20del%20Carmen%2C%20Tulum%20%26%20Cancun&query_place_id=ChIJ6T_wrpHr10IReUqme3fh0xA,,WhatsApp +52 984 277 7149 — offer referral commission,"Hola Caribe Luxury Homes Mexico - Buy Real Estate in Playa del Carmen, Tulum & Cancun,

Soy de Recrea Construction, empresa constructora en Playa del Carmen y la Riviera Maya.

Te invitamos a nuestro programa de referidos: por cada cliente que construya con nosotros te damos una COMISIÓN COMPETITIVA.

✅ Comisión atractiva ✅ Residencial/comercial/hoteles boutique ✅ Experiencia comprobada

¿Tienes clientes que buscan construir? ¡Hablemos!

Recrea Construction Riviera Maya",2026-03-13T05:37:22.618025
High,broker,True,False,False,Playa Home Real Estate,,,+52 984 152 3828,http://www.playa-home.com/,Playa del Carmen,Quintana Roo,Mexico,"Plaza Antigua, 23PB, 10 Av. Sur, Playacar, 77710 Playa del Carmen, Q.R., México",Agencia inmobiliaria,real-estate,5,39,,Google Maps,https://www.google.com/maps/search/?api=1&query=Playa%20Home%20Real%20Estate&query_place_id=ChIJ2-8jyD5DTo8RNHgIsxtjEf4,,WhatsApp +52 984 152 3828 — offer referral commission,"Hola Playa Home Real Estate,

Soy de Recrea Construction, empresa constructora en Playa del Carmen y la Riviera Maya.

Te invitamos a nuestro programa de referidos: por cada cliente que construya con nosotros te damos una COMISIÓN COMPETITIVA.

✅ Comisión atractiva ✅ Residencial/comercial/hoteles boutique ✅ Experiencia comprobada

¿Tienes clientes que buscan construir? ¡Hablemos!

Recrea Construction Riviera Maya",2026-03-13T05:37:22.618034
High,broker,True,False,False,Blume Real Estate and Property Management Riviera Maya,,,+52 984 745 8739,http://blumebyclaudiafloresrealestate.tuinmobiliaria.com.ar/,Playa del Carmen,Quintana Roo,Mexico,"Plaza Paseo Playacar, Supermanzana fase 2, Playacar, 77717 Playa del Carmen, Q.R., México",Agentes inmobiliarios,real-estate,4.5,46,,Google Maps,https://www.google.com/maps/search/?api=1&query=Blume%20Real%20Estate%20and%20Property%20Management%20Riviera%20Maya&query_place_id=ChIJdaOw5FVDTo8ReFgF9jTz7cc,,WhatsApp +52 984 745 8739 — offer referral commission,"Hola Blume Real Estate and Property Management Riviera Maya,

Soy de Recrea Construction, empresa constructora en Playa del Carmen y la Riviera Maya.

Te invitamos a nuestro programa de referidos: por cada cliente que construya con nosotros te damos una COMISIÓN COMPETITIVA.

✅ Comisión atractiva ✅ Residencial/comercial/hoteles boutique ✅ Experiencia comprobada

¿Tienes clientes que buscan construir? ¡Hablemos!

Recrea Construction Riviera Maya",2026-03-13T05:37:22.618044
High,broker,True,False,False,Multiplica tu Dinero en Bienes Raíces,,,+52 984 319 0460,http://multiplicatudinero.com.mx/,Tulum,Quintana Roo,Mexico,"Calle LOL TUN / TULUM Y CHICHEN, Manzana 22 Lote 4-Dep 38, Colonia Centro, 77760 Tulum, Q.R., México",Agencia de bienes inmuebles comerciales,,5,1,,Google Maps,https://www.google.com/maps/search/?api=1&query=Multiplica%20tu%20Dinero%20en%20Bienes%20Ra%C3%ADces&query_place_id=ChIJ01lGkmzXT48R8Ydx2jkZtKw,,WhatsApp +52 984 319 0460 — offer referral commission,"Hola Multiplica tu Dinero en Bienes Raíces,

Soy de Recrea Construction, empresa constructora en Tulum y la Riviera Maya.

Te invitamos a nuestro programa de referidos: por cada cliente que construya con nosotros te damos una COMISIÓN COMPETITIVA.

✅ Comisión atractiva ✅ Residencial/comercial/hoteles boutique ✅ Experiencia comprobada

¿Tienes clientes que buscan construir? ¡Hablemos!

Recrea Construction Riviera Maya",2026-03-13T05:37:22.618061
High,broker,True,False,False,Riviera Maya Finest Real Estate,,,+52 998 189 8897,https://www.riviera-maya-real-estate.com/,Playa del Carmen,Quintana Roo,Mexico,"10 Avenida Nte. Local 1, entre Calle 12 y Calle 14, Gonzalo Guerrero, 77710 Playa del Carmen, Q.R., México",Agentes inmobiliarios,real-estate,4.5,8,,Google Maps,https://www.google.com/maps/search/?api=1&query=Riviera%20Maya%20Finest%20Real%20Estate&query_place_id=ChIJw071Fx9DTo8RiffP12Fe2z8,,WhatsApp +52 998 189 8897 — offer referral commission,"Hola Riviera Maya Finest Real Estate,

Soy de Recrea Construction, empresa constructora en Playa del Carmen y la Riviera Maya.

Te invitamos a nuestro programa de referidos: por cada cliente que construya con nosotros te damos una COMISIÓN COMPETITIVA.

✅ Comisión atractiva ✅ Residencial/comercial/hoteles boutique ✅ Experiencia comprobada

¿Tienes clientes que buscan construir? ¡Hablemos!

Recrea Construction Riviera Maya",2026-03-13T05:37:22.618071
High,broker,True,False,False,Tulum Realtors,,,+52 984 807 8497,http://www.tulumrealtors.com/,Playa del Carmen,Quintana Roo,Mexico,"Edificio Bugambilias Mz Lt8 Local 2, Playacar, 77710 Playa del Carmen, Q.R., México",Agencia de bienes inmuebles comerciales,,4.8,21,,Google Maps,https://www.google.com/maps/search/?api=1&query=Tulum%20Realtors&query_place_id=ChIJ5SdZjuRDTo8RodKMMhSoLg8,,WhatsApp +52 984 807 8497 — offer referral commission,"Hola Tulum Realtors,

Soy de Recrea Construction, empresa constructora en Playa del Carmen y la Riviera Maya.

Te invitamos a nuestro programa de referidos: por cada cliente que construya con nosotros te damos una COMISIÓN COMPETITIVA.

✅ Comisión atractiva ✅ Residencial/comercial/hoteles boutique ✅ Experiencia comprobada

¿Tienes clientes que buscan construir? ¡Hablemos!

Recrea Construction Riviera Maya",2026-03-13T05:37:22.618081
Low,general,False,False,False,Tulum propiedades,,,,,Tulum,Quintana Roo,Mexico,"MZ 15 LT 06 Region 07 Calle Tabachin, Riviera Tulum Residencial Centro, 77760 Tulum, Q.R., México",Urbanización,,3.3,3,,Google Maps,https://www.google.com/maps/search/?api=1&query=Tulum%20propiedades&query_place_id=ChIJ6yRGlqXXT48RDQ7lgWF9unk,,Find contact info,"Hola Tulum propiedades,

Soy de Recrea Construction, empresa constructora en Tulum y la Riviera Maya.

Te invitamos a nuestro programa de referidos: por cada cliente que construya con nosotros te damos una COMISIÓN COMPETITIVA.

✅ Comisión atractiva ✅ Residencial/comercial/hoteles boutique ✅ Experiencia comprobada

¿Tienes clientes que buscan construir? ¡Hablemos!

Recrea Construction Riviera Maya",2026-03-13T05:37:22.618090
High,broker,True,False,False,TERRENOS TULUM REMAX MAYALAND MATTEO M.,,,+52 984 139 6875,http://www.terrenostulum.com.mx/,Tulum,Quintana Roo,Mexico,"C. 11 Sur, La Veleta, 77760 Tulum, Q.R., México",Agencia inmobiliaria,real-estate,5,20,,Google Maps,https://www.google.com/maps/search/?api=1&query=TERRENOS%20TULUM%20REMAX%20MAYALAND%20MATTEO%20M.&query_place_id=ChIJPVPrUtfXT48RJH83TV0d-SU,,WhatsApp +52 984 139 6875 — offer referral commission,"Hola TERRENOS TULUM REMAX MAYALAND MATTEO M.,

Soy de Recrea Construction, empresa constructora en Tulum y la Riviera Maya.

Te invitamos a nuestro programa de referidos: por cada cliente que construya con nosotros te damos una COMISIÓN COMPETITIVA.

✅ Comisión atractiva ✅ Residencial/comercial/hoteles boutique ✅ Experiencia comprobada

¿Tienes clientes que buscan construir? ¡Hablemos!

Recrea Construction Riviera Maya",2026-03-13T05:37:22.618099
High,broker,True,False,False,Casa Lirio Tulum,,,+52 998 578 0391,,Tulum,Quintana Roo,Mexico,"Lirio 12, Fraccionamiento Riviera, 77760 Tulum, Q.R., México",Agencia inmobiliaria,real-estate,5,1,,Google Maps,https://www.google.com/maps/search/?api=1&query=Casa%20Lirio%20Tulum&query_place_id=ChIJpVj-11HVT48RR7J3Nj-CI1c,,WhatsApp +52 998 578 0391 — offer referral commission,"Hola Casa Lirio Tulum,

Soy de Recrea Construction, empresa constructora en Tulum y la Riviera Maya.

Te invitamos a nuestro programa de referidos: por cada cliente que construya con nosotros te damos una COMISIÓN COMPETITIVA.

✅ Comisión atractiva ✅ Residencial/comercial/hoteles boutique ✅ Experiencia comprobada

¿Tienes clientes que buscan construir? ¡Hablemos!

Recrea Construction Riviera Maya",2026-03-13T05:37:22.618107
Medium,general,False,False,False,Tulum 101,,,+52 999 802 1871,https://www.inmobilia.mx/en/tulum-101,Tulum,Quintana Roo,Mexico,"Av. Coba, 77765 Tulum, Q.R., México",Urbanización,,4.2,5,,Google Maps,https://www.google.com/maps/search/?api=1&query=Tulum%20101&query_place_id=ChIJlxy6osLRT48RlNvjvJ6YUHg,,Call +52 999 802 1871,"Hola Tulum 101,

Soy de Recrea Construction, empresa constructora en Tulum y la Riviera Maya.

Te invitamos a nuestro programa de referidos: por cada cliente que construya con nosotros te damos una COMISIÓN COMPETITIVA.

✅ Comisión atractiva ✅ Residencial/comercial/hoteles boutique ✅ Experiencia comprobada

¿Tienes clientes que buscan construir? ¡Hablemos!

Recrea Construction Riviera Maya",2026-03-13T05:37:22.618116
High,broker,True,False,True,ITT Desarrollos,,,+52 984 164 4559,http://www.ittdesarrollos.mx/,Tulum,Quintana Roo,Mexico,"Calle Paseo Zama, Aldea Zama Manzana 26 Lote 202, 77760 Tulum, Q.R., México",Agencia inmobiliaria,real-estate,5,9,,Google Maps,https://www.google.com/maps/search/?api=1&query=ITT%20Desarrollos&query_place_id=ChIJOcVYMgDRT48RgA8oOnfi0Lw,,WhatsApp +52 984 164 4559 — offer referral commission,"Hola ITT Desarrollos,

Soy de Recrea Construction, empresa constructora en Tulum y la Riviera Maya.

Te invitamos a nuestro programa de referidos: por cada cliente que construya con nosotros te damos una COMISIÓN COMPETITIVA.

✅ Comisión atractiva ✅ Residencial/comercial/hoteles boutique ✅ Experiencia comprobada

¿Tienes clientes que buscan construir? ¡Hablemos!

Recrea Construction Riviera Maya",2026-03-13T05:37:22.618124
High,broker,True,False,False,Tulum Land & Property | Real Estate,,,(315) 888-1298,https://www.tulumlandandproperty.com/,Tulum,Quintana Roo,Mexico,"Plaza 051, between, Geminis y Libra Sur, Av. Tulum ORIENTE, Tulum Centro, 77760 Tulum, Q.R., México",Agencia inmobiliaria,real-estate,5,5,,Google Maps,https://www.google.com/maps/search/?api=1&query=Tulum%20Land%20%26%20Property%20%7C%20Real%20Estate&query_place_id=ChIJwSEIadDRT48RgG6WyxLj6HM,,WhatsApp (315) 888-1298 — offer referral commission,"Hola Tulum Land & Property | Real Estate,

Soy de Recrea Construction, empresa constructora en Tulum y la Riviera Maya.

Te invitamos a nuestro programa de referidos: por cada cliente que construya con nosotros te damos una COMISIÓN COMPETITIVA.

✅ Comisión atractiva ✅ Residencial/comercial/hoteles boutique ✅ Experiencia comprobada

¿Tienes clientes que buscan construir? ¡Hablemos!

Recrea Construction Riviera Maya",2026-03-13T05:37:22.618132
High,broker,True,False,False,Propiedades en Tulum Country Club El Biker Inmobiliario,,,+52 56 1496 3157,https://elbiker.virtivo.app/,Tulum,Quintana Roo,Mexico,"Residencial Tulum, Av. Gran vía maya Manzana 7 Lote Condominio green3, Country Club, 77776 Gran Bahía Príncipe, Q.R., México",Empresa constructora,"construction, real-estate",5,3,,Google Maps,https://www.google.com/maps/search/?api=1&query=Propiedades%20en%20Tulum%20Country%20Club%20El%20Biker%20Inmobiliario&query_place_id=ChIJ0VSU9bNDTo8RtZu98a5vn5s,,WhatsApp +52 56 1496 3157 — offer referral commission,"Hola Propiedades en Tulum Country Club El Biker Inmobiliario,

Soy de Recrea Construction, empresa constructora en Tulum y la Riviera Maya.

Te invitamos a nuestro programa de referidos: por cada cliente que construya con nosotros te damos una COMISIÓN COMPETITIVA.

✅ Comisión atractiva ✅ Residencial/comercial/hoteles boutique ✅ Experiencia comprobada

¿Tienes clientes que buscan construir? ¡Hablemos!

Recrea Construction Riviera Maya",2026-03-13T05:37:22.618143
High,broker,True,False,False,Conexiones Inmobiliarias Real Estate,,,+52 984 105 5116,http://www.conexionesinmobiliarias.com/,Tulum,Quintana Roo,Mexico,"Edificio Quinto Sol, Calle Itzamna, Aldea Zama Manzana 12 Lote 110-Local 15, 77760 Tulum, Q.R., México",Agencia de bienes inmuebles comerciales,real-estate,5,11,,Google Maps,https://www.google.com/maps/search/?api=1&query=Conexiones%20Inmobiliarias%20Real%20Estate&query_place_id=ChIJqQHBxkjXT48R-tlYcJn2mv0,,WhatsApp +52 984 105 5116 — offer referral commission,"Hola Conexiones Inmobiliarias Real Estate,

Soy de Recrea Construction, empresa constructora en Tulum y la Riviera Maya.

Te invitamos a nuestro programa de referidos: por cada cliente que construya con nosotros te damos una COMISIÓN COMPETITIVA.

✅ Comisión atractiva ✅ Residencial/comercial/hoteles boutique ✅ Experiencia comprobada

¿Tienes clientes que buscan construir? ¡Hablemos!

Recrea Construction Riviera Maya",2026-03-13T05:37:22.618152
High,broker,True,False,False,TERRENOSTULUM.COM.MX,,,+52 984 139 6875,http://www.terrenostulum.com.mx/,Tulum,Quintana Roo,Mexico,"5 Avenida Sur, La Veleta, 77760 Tulum, Q.R., México",Agencia inmobiliaria,real-estate,5,12,,Google Maps,https://www.google.com/maps/search/?api=1&query=TERRENOSTULUM.COM.MX&query_place_id=ChIJpWL_AGHXT48RacvhMxU0RE4,,WhatsApp +52 984 139 6875 — offer referral commission,"Hola TERRENOSTULUM.COM.MX,

Soy de Recrea Construction, empresa constructora en Tulum y la Riviera Maya.

Te invitamos a nuestro programa de referidos: por cada cliente que construya con nosotros te damos una COMISIÓN COMPETITIVA.

✅ Comisión atractiva ✅ Residencial/comercial/hoteles boutique ✅ Experiencia comprobada

¿Tienes clientes que buscan construir? ¡Hablemos!

Recrea Construction Riviera Maya",2026-03-13T05:37:22.618160
Low,broker,True,False,True,LIVE TULUM Lotes Residenciales,,,,https://www.facebook.com/tulum.terrenos/,Tulum,Quintana Roo,Mexico,"77762 Tulum, Q.R., México",Promotora inmobiliaria,real-estate,3.7,7,,Google Maps,https://www.google.com/maps/search/?api=1&query=LIVE%20TULUM%20Lotes%20Residenciales&query_place_id=ChIJ8XU8y4XWT48Rvi7lCBaAsxc,,Find contact for commission offer,"Hola LIVE TULUM Lotes Residenciales,

Soy de Recrea Construction, empresa constructora en Tulum y la Riviera Maya.

Te invitamos a nuestro programa de referidos: por cada cliente que construya con nosotros te damos una COMISIÓN COMPETITIVA.

✅ Comisión atractiva ✅ Residencial/comercial/hoteles boutique ✅ Experiencia comprobada

¿Tienes clientes que buscan construir? ¡Hablemos!

Recrea Construction Riviera Maya",2026-03-13T05:37:22.618169
High,broker,True,False,False,Playa del Carmen Real Estate - Vanessa Rios,,,+52 984 113 1380,http://www.playahomesforsale.com/,,Quintana Roo,Mexico,"P.º Xaman - Ha Supermanzana Fase Manzana 21 Lote 3-2, Real del Carmen, Playacar, 77710 Playa del Carmmen, Q.R., México",Agencia inmobiliaria,real-estate,5,42,,Google Maps,https://www.google.com/maps/search/?api=1&query=Playa%20del%20Carmen%20Real%20Estate%20-%20Vanessa%20Rios&query_place_id=ChIJdb_qfilDTo8RIoHfvgCc2dI,,WhatsApp +52 984 113 1380 — offer referral commission,"Hola Playa del Carmen Real Estate - Vanessa Rios,

Soy de Recrea Construction, empresa constructora en Riviera Maya y la Riviera Maya.

Te invitamos a nuestro programa de referidos: por cada cliente que construya con nosotros te damos una COMISIÓN COMPETITIVA.

✅ Comisión atractiva ✅ Residencial/comercial/hoteles boutique ✅ Experiencia comprobada

¿Tienes clientes que buscan construir? ¡Hablemos!

Recrea Construction Riviera Maya",2026-03-13T05:37:22.618187
High,broker,True,False,True,Itzaé Tulum | Desarrollo Inmobiliario,,,+52 55 1796 4940,http://www.itzaetulum.com/,Tulum,Quintana Roo,Mexico,"C. 14 Sur 102, La Veleta, 77760 Tulum, Q.R., México",Urbanización,real-estate,5,3,,Google Maps,https://www.google.com/maps/search/?api=1&query=Itza%C3%A9%20Tulum%20%7C%20Desarrollo%20Inmobiliario&query_place_id=ChIJ9RtES_nXT48R3QiFltFYz1U,,WhatsApp +52 55 1796 4940 — offer referral commission,"Hola Itzaé Tulum | Desarrollo Inmobiliario,

Soy de Recrea Construction, empresa constructora en Tulum y la Riviera Maya.

Te invitamos a nuestro programa de referidos: por cada cliente que construya con nosotros te damos una COMISIÓN COMPETITIVA.

✅ Comisión atractiva ✅ Residencial/comercial/hoteles boutique ✅ Experiencia comprobada

¿Tienes clientes que buscan construir? ¡Hablemos!

Recrea Construction Riviera Maya",2026-03-13T05:37:22.618196
High,broker,True,False,False,Properties in tulum l HOME TULUM REAL ESTATE,,,+52 984 176 2711,https://www.hometulum.com/,Tulum,Quintana Roo,Mexico,"Itzamna, Aldea Zama Manzana 26 Lote 68, 77760 Tulum, Q.R., México",Agencia inmobiliaria,real-estate,4.9,50,,Google Maps,https://www.google.com/maps/search/?api=1&query=Properties%20in%20tulum%20l%20HOME%20TULUM%20REAL%20ESTATE&query_place_id=ChIJIyyKzxbXT48RheWzvmUwHBs,,WhatsApp +52 984 176 2711 — offer referral commission,"Hola Properties in tulum l HOME TULUM REAL ESTATE,

Soy de Recrea Construction, empresa constructora en Tulum y la Riviera Maya.

Te invitamos a nuestro programa de referidos: por cada cliente que construya con nosotros te damos una COMISIÓN COMPETITIVA.

✅ Comisión atractiva ✅ Residencial/comercial/hoteles boutique ✅ Experiencia comprobada

¿Tienes clientes que buscan construir? ¡Hablemos!

Recrea Construction Riviera Maya",2026-03-13T05:37:22.618205
High,broker,True,False,False,Tulum Real Estate,,,+52 984 265 7927,https://tulumrealestate.org/,Tulum,Quintana Roo,Mexico,"Villas Haciendas, Palenque, Tulum, Q.R., México",Agencia inmobiliaria,real-estate,5,15,,Google Maps,https://www.google.com/maps/search/?api=1&query=Tulum%20Real%20Estate&query_place_id=ChIJ4Xt1m7rWT48R4azl824wNC4,,WhatsApp +52 984 265 7927 — offer referral commission,"Hola Tulum Real Estate,

Soy de Recrea Construction, empresa constructora en Tulum y la Riviera Maya.

Te invitamos a nuestro programa de referidos: por cada cliente que construya con nosotros te damos una COMISIÓN COMPETITIVA.

✅ Comisión atractiva ✅ Residencial/comercial/hoteles boutique ✅ Experiencia comprobada

¿Tienes clientes que buscan construir? ¡Hablemos!

Recrea Construction Riviera Maya",2026-03-13T05:37:22.618215
High,broker,True,False,False,Kalma Tulum by Aztro,,,+52 999 493 7707,http://www.aztrodesarrollos.com/enkalma,Tulum,Quintana Roo,Mexico,"45, 77760 Tulum, Q.R., México",Promotora inmobiliaria,real-estate,5,11,,Google Maps,https://www.google.com/maps/search/?api=1&query=Kalma%20Tulum%20by%20Aztro&query_place_id=ChIJF14T8dLXT48RYBgjyBrWizY,,WhatsApp +52 999 493 7707 — offer referral commission,"Hola Kalma Tulum by Aztro,

Soy de Recrea Construction, empresa constructora en Tulum y la Riviera Maya.

Te invitamos a nuestro programa de referidos: por cada cliente que construya con nosotros te damos una COMISIÓN COMPETITIVA.

✅ Comisión atractiva ✅ Residencial/comercial/hoteles boutique ✅ Experiencia comprobada

¿Tienes clientes que buscan construir? ¡Hablemos!

Recrea Construction Riviera Maya",2026-03-13T05:37:22.618224
High,broker,True,True,False,"Century 21 | Tulum, Quintana Roo | Expert Investment Premium | Real Estate Office | Century 21 Mexico. Franquicia |",,,+52 984 449 5835,http://www.c21eipremium.com/,Tulum,Quintana Roo,Mexico,"Avenida Tulum, Esquina Calle Beta Norte, Colonia Centro, 77760 Tulum, Q.R., México",Agencia de bienes inmuebles comerciales,"real-estate, investor",4.5,36,,Google Maps,https://www.google.com/maps/search/?api=1&query=Century%2021%20%7C%20Tulum%2C%20Quintana%20Roo%20%7C%20Expert%20Investment%20Premium%20%7C%20Real%20Estate%20Office%20%7C%20Century%2021%20Mexico.%20Franquicia%20%7C&query_place_id=ChIJQSS_GcTXT48RyDxZfK5w7lM,,WhatsApp +52 984 449 5835 — offer referral commission,"Hola Century 21 | Tulum, Quintana Roo | Expert Investment Premium | Real Estate Office | Century 21 Mexico. Franquicia |,

Soy de Recrea Construction, empresa constructora en Tulum y la Riviera Maya.

Te invitamos a nuestro programa de referidos: por cada cliente que construya con nosotros te damos una COMISIÓN COMPETITIVA.

✅ Comisión atractiva ✅ Residencial/comercial/hoteles boutique ✅ Experiencia comprobada

¿Tienes clientes que buscan construir? ¡Hablemos!

Recrea Construction Riviera Maya",2026-03-13T05:37:22.618236
High,broker,True,False,False,The Agency Riviera Maya - The Agency Playa del Carmen,,,+52 984 111 2471,https://theagencyrerivieramaya.com/,Playa del Carmen,Quintana Roo,Mexico,"Calle 28 Nte. y La Playa, Manzana 8 Lote 10, Centro, 77710 Playa del Carmen, Q.R., México",Agencia de bienes inmuebles comerciales,,4.7,42,,Google Maps,https://www.google.com/maps/search/?api=1&query=The%20Agency%20Riviera%20Maya%20-%20The%20Agency%20Playa%20del%20Carmen&query_place_id=ChIJQfUGNI5DTo8RJ6IFbYZGjOM,,WhatsApp +52 984 111 2471 — offer referral commission,"Hola The Agency Riviera Maya - The Agency Playa del Carmen,

Soy de Recrea Construction, empresa constructora en Playa del Carmen y la Riviera Maya.

Te invitamos a nuestro programa de referidos: por cada cliente que construya con nosotros te damos una COMISIÓN COMPETITIVA.

✅ Comisión atractiva ✅ Residencial/comercial/hoteles boutique ✅ Experiencia comprobada

¿Tienes clientes que buscan construir? ¡Hablemos!

Recrea Construction Riviera Maya",2026-03-13T05:37:22.618249
High,broker,True,False,False,Vivir en Tulum,,,+52 984 120 7922,http://vivirentulum.com/,Tulum,Quintana Roo,Mexico,"Av. Nacar, Calle Rubí con, Fracc. Aldea, 77763 Tulum, Q.R., México",Agencia inmobiliaria,real-estate,3.8,5,,Google Maps,https://www.google.com/maps/search/?api=1&query=Vivir%20en%20Tulum&query_place_id=ChIJOSfr0j_XT48RmspsDadL4V8,,WhatsApp +52 984 120 7922 — offer referral commission,"Hola Vivir en Tulum,

Soy de Recrea Construction, empresa constructora en Tulum y la Riviera Maya.

Te invitamos a nuestro programa de referidos: por cada cliente que construya con nosotros te damos una COMISIÓN COMPETITIVA.

✅ Comisión atractiva ✅ Residencial/comercial/hoteles boutique ✅ Experiencia comprobada

¿Tienes clientes que buscan construir? ¡Hablemos!

Recrea Construction Riviera Maya",2026-03-13T05:37:22.618261
High,broker,True,False,False,Inmobiliaria Riviera Maya,,,+52 984 115 4680,https://www.inmobiliariarivieramaya.com.mx/,Playa del Carmen,Quintana Roo,Mexico,"Los Alamos 174, Bosque Real, 77714 Playa del Carmen, Q.R., México",Agentes inmobiliarios,real-estate,,,,Google Maps,https://www.google.com/maps/search/?api=1&query=Inmobiliaria%20Riviera%20Maya&query_place_id=ChIJcdCg3ElDTo8RBU2024AfL5M,,WhatsApp +52 984 115 4680 — offer referral commission,"Hola Inmobiliaria Riviera Maya,

Soy de Recrea Construction, empresa constructora en Playa del Carmen y la Riviera Maya.

Te invitamos a nuestro programa de referidos: por cada cliente que construya con nosotros te damos una COMISIÓN COMPETITIVA.

✅ Comisión atractiva ✅ Residencial/comercial/hoteles boutique ✅ Experiencia comprobada

¿Tienes clientes que buscan construir? ¡Hablemos!

Recrea Construction Riviera Maya",2026-03-13T05:37:22.618271
High,broker,True,False,False,Love Tulum Eco Developments,,,+52 984 270 5274,https://lovetulum.mx/,Tulum,Quintana Roo,Mexico,"Av. Tulum Km. 229 # 913, Av. Tulum 913, Tulum Centro, 77780 Tulum, Q.R., México",Agencia inmobiliaria,real-estate,4.9,45,,Google Maps,https://www.google.com/maps/search/?api=1&query=Love%20Tulum%20Eco%20Developments&query_place_id=ChIJNRejYVTRT48RAt_nrtfnwEY,,WhatsApp +52 984 270 5274 — offer referral commission,"Hola Love Tulum Eco Developments,

Soy de Recrea Construction, empresa constructora en Tulum y la Riviera Maya.

Te invitamos a nuestro programa de referidos: por cada cliente que construya con nosotros te damos una COMISIÓN COMPETITIVA.

✅ Comisión atractiva ✅ Residencial/comercial/hoteles boutique ✅ Experiencia comprobada

¿Tienes clientes que buscan construir? ¡Hablemos!

Recrea Construction Riviera Maya",2026-03-13T05:37:22.618280
High,broker,True,False,False,Maya Ocean Real Estate,,,+52 984 242 0075,https://www.mayaocean.com/,Playa del Carmen,Quintana Roo,Mexico,"Calle 3 sur, 40 Avenida Sur y, Centro, 77713 Playa del Carmen, Q.R., México",Agencia inmobiliaria,real-estate,4.6,86,,Google Maps,https://www.google.com/maps/search/?api=1&query=Maya%20Ocean%20Real%20Estate&query_place_id=ChIJS40O7QdDTo8RUhpGI1kSV5A,,WhatsApp +52 984 242 0075 — offer referral commission,"Hola Maya Ocean Real Estate,

Soy de Recrea Construction, empresa constructora en Playa del Carmen y la Riviera Maya.

Te invitamos a nuestro programa de referidos: por cada cliente que construya con nosotros te damos una COMISIÓN COMPETITIVA.

✅ Comisión atractiva ✅ Residencial/comercial/hoteles boutique ✅ Experiencia comprobada

¿Tienes clientes que buscan construir? ¡Hablemos!

Recrea Construction Riviera Maya",2026-03-13T05:37:22.618289
High,broker,True,False,False,Mexico Real Estate Solutions,,,+52 984 240 9221,https://mexicorealestatesolutions.com/,Playa del Carmen,Quintana Roo,Mexico,"Carr. Tulum-Playa del Carmen, Manzana 29 Lote 11-Local 1, Plan 3, 77733 Puerto Aventuras, Q.R., México",Agentes inmobiliarios,real-estate,4.8,25,,Google Maps,https://www.google.com/maps/search/?api=1&query=Mexico%20Real%20Estate%20Solutions&query_place_id=ChIJY-hDJd45To8RMu2zlqRtzlg,,WhatsApp +52 984 240 9221 — offer referral commission,"Hola Mexico Real Estate Solutions,

Soy de Recrea Construction, empresa constructora en Playa del Carmen y la Riviera Maya.

Te invitamos a nuestro programa de referidos: por cada cliente que construya con nosotros te damos una COMISIÓN COMPETITIVA.

✅ Comisión atractiva ✅ Residencial/comercial/hoteles boutique ✅ Experiencia comprobada

¿Tienes clientes que buscan construir? ¡Hablemos!

Recrea Construction Riviera Maya",2026-03-13T05:37:22.618297
High,broker,True,False,False,Remax Maya Real Estate in Playa del Carmen and Riviera Maya,,,+52 984 873 3028,https://www.remaxmaya.com/,Playa del Carmen,Quintana Roo,Mexico,"Plaza Corporativo Aria, Av. Paseo Tulum, Manzana 19, Fracción 2, Supermanzana II Local 107, Playacar, 77717 Playa del Carmen, Q.R., México",Agencia inmobiliaria,real-estate,4.9,133,,Google Maps,https://www.google.com/maps/search/?api=1&query=Remax%20Maya%20Real%20Estate%20in%20Playa%20del%20Carmen%20and%20Riviera%20Maya&query_place_id=ChIJg5k9MGtDTo8RaoMlvBcs-iA,,WhatsApp +52 984 873 3028 — offer referral commission,"Hola Remax Maya Real Estate in Playa del Carmen and Riviera Maya,

Soy de Recrea Construction, empresa constructora en Playa del Carmen y la Riviera Maya.

Te invitamos a nuestro programa de referidos: por cada cliente que construya con nosotros te damos una COMISIÓN COMPETITIVA.

✅ Comisión atractiva ✅ Residencial/comercial/hoteles boutique ✅ Experiencia comprobada

¿Tienes clientes que buscan construir? ¡Hablemos!

Recrea Construction Riviera Maya",2026-03-13T05:37:22.618307
High,broker,True,True,False,Verónica Cornejo - Asesor en Inversiones Inmobiliarias en Riviera Maya,,,+52 984 806 6428,https://mayanpropertieselite.com/,Playa del Carmen,Quintana Roo,Mexico,"Selvanova Coto 7, departamento 808-D, 77717 Playa del Carmen, Q.R., México",Agentes inmobiliarios,"real-estate, investor",5,10,,Google Maps,https://www.google.com/maps/search/?api=1&query=Ver%C3%B3nica%20Cornejo%20-%20Asesor%20en%20Inversiones%20Inmobiliarias%20en%20Riviera%20Maya&query_place_id=ChIJm4iLocVDTo8RbnWWmMiwTTA,,WhatsApp +52 984 806 6428 — offer referral commission,"Hola Verónica Cornejo - Asesor en Inversiones Inmobiliarias en Riviera Maya,

Soy de Recrea Construction, empresa constructora en Playa del Carmen y la Riviera Maya.

Te invitamos a nuestro programa de referidos: por cada cliente que construya con nosotros te damos una COMISIÓN COMPETITIVA.

✅ Comisión atractiva ✅ Residencial/comercial/hoteles boutique ✅ Experiencia comprobada

¿Tienes clientes que buscan construir? ¡Hablemos!

Recrea Construction Riviera Maya",2026-03-13T05:37:22.618317
High,broker,True,False,False,PIM Real Estate,,,+52 984 114 7343,https://pimrivieramaya.com/,Playa del Carmen,Quintana Roo,Mexico,"México 307 Manzana 2 Lote 4-Local 112, Plaza Palmeras, 77712 Playa del Carmen, Q.R., México",Agentes inmobiliarios,real-estate,5,192,,Google Maps,https://www.google.com/maps/search/?api=1&query=PIM%20Real%20Estate&query_place_id=ChIJ32U1RBFDTo8RBQg0ojXa54w,,WhatsApp +52 984 114 7343 — offer referral commission,"Hola PIM Real Estate,

Soy de Recrea Construction, empresa constructora en Playa del Carmen y la Riviera Maya.

Te invitamos a nuestro programa de referidos: por cada cliente que construya con nosotros te damos una COMISIÓN COMPETITIVA.

✅ Comisión atractiva ✅ Residencial/comercial/hoteles boutique ✅ Experiencia comprobada

¿Tienes clientes que buscan construir? ¡Hablemos!

Recrea Construction Riviera Maya",2026-03-13T05:37:22.618328
High,broker,True,False,False,Costa Realty Group Mexico,,,+52 984 232 8715,https://www.costarealtygroupmexico.com/,Playa del Carmen,Quintana Roo,Mexico,"Av 110-A Sur esquina Arco Vial, Calle 41 Sur Plaza Comercial Las Olas, Local 7, Mza 484 Lote-007, 77712 Playa del Carmen, Q.R., México",Agencia inmobiliaria,real-estate,4.9,42,,Google Maps,https://www.google.com/maps/search/?api=1&query=Costa%20Realty%20Group%20Mexico&query_place_id=ChIJvfPZBwI4To8RGrXOicuKS7Q,,WhatsApp +52 984 232 8715 — offer referral commission,"Hola Costa Realty Group Mexico,

Soy de Recrea Construction, empresa constructora en Playa del Carmen y la Riviera Maya.

Te invitamos a nuestro programa de referidos: por cada cliente que construya con nosotros te damos una COMISIÓN COMPETITIVA.

✅ Comisión atractiva ✅ Residencial/comercial/hoteles boutique ✅ Experiencia comprobada

¿Tienes clientes que buscan construir? ¡Hablemos!

Recrea Construction Riviera Maya",2026-03-13T05:37:22.618337
Low,broker,True,False,False,Consultores inmobiliarios Riviera Maya,,,,,Playa del Carmen,Quintana Roo,Mexico,"CARRETERA FEDERAL, Chetumal-Cancun Supermanzana 2, 77725 Playa del Carmen, Q.R., México",Agentes inmobiliarios,real-estate,5,1,,Google Maps,https://www.google.com/maps/search/?api=1&query=Consultores%20inmobiliarios%20Riviera%20Maya&query_place_id=ChIJZ5kFKQBdTo8RkiL_tckfCrY,,Find contact for commission offer,"Hola Consultores inmobiliarios Riviera Maya,

Soy de Recrea Construction, empresa constructora en Playa del Carmen y la Riviera Maya.

Te invitamos a nuestro programa de referidos: por cada cliente que construya con nosotros te damos una COMISIÓN COMPETITIVA.

✅ Comisión atractiva ✅ Residencial/comercial/hoteles boutique ✅ Experiencia comprobada

¿Tienes clientes que buscan construir? ¡Hablemos!

Recrea Construction Riviera Maya",2026-03-13T05:37:22.618346
High,broker,True,False,False,Riviera Maya Homes,,,(854) 208-4300,https://rivieramaya-homes.com/?utm_source=gbp&utm_medium=organic,Playa del Carmen,Quintana Roo,Mexico,"MOOREA 14, RESIDENCIA BALI 1, 77718 Playa del Carmen, Q.R., México",Agentes inmobiliarios,real-estate,5,1,,Google Maps,https://www.google.com/maps/search/?api=1&query=Riviera%20Maya%20Homes&query_place_id=ChIJ85YCb45DTo8RGPJldIE_ZGs,,WhatsApp (854) 208-4300 — offer referral commission,"Hola Riviera Maya Homes,

Soy de Recrea Construction, empresa constructora en Playa del Carmen y la Riviera Maya.

Te invitamos a nuestro programa de referidos: por cada cliente que construya con nosotros te damos una COMISIÓN COMPETITIVA.

✅ Comisión atractiva ✅ Residencial/comercial/hoteles boutique ✅ Experiencia comprobada

¿Tienes clientes que buscan construir? ¡Hablemos!

Recrea Construction Riviera Maya",2026-03-13T05:37:22.618354
High,broker,True,False,False,Puerto Aqua,,,+52 984 168 8632,,,Quintana Roo,Mexico,"Manzana 010 Lote 001, Plano 4, 77733 Puerto Aventuras, Q.R., México",Promotora inmobiliaria,real-estate,5,2,,Google Maps,https://www.google.com/maps/search/?api=1&query=Puerto%20Aqua&query_place_id=ChIJAwWtLg83To8Rs34jTl4U114,,WhatsApp +52 984 168 8632 — offer referral commission,"Hola Puerto Aqua,

Soy de Recrea Construction, empresa constructora en Riviera Maya y la Riviera Maya.

Te invitamos a nuestro programa de referidos: por cada cliente que construya con nosotros te damos una COMISIÓN COMPETITIVA.

✅ Comisión atractiva ✅ Residencial/comercial/hoteles boutique ✅ Experiencia comprobada

¿Tienes clientes que buscan construir? ¡Hablemos!

Recrea Construction Riviera Maya",2026-03-13T05:37:22.618368
High,general,False,False,False,ARDICA Construcciones y Remodelaciones Inteligentes & Trazzo Arquitectos - ESTUDIOS DESIGN / DECO & CONSTR.,,,+52 984 187 4142,https://ardica-construccion-y-remodelacion.ueniweb.com/?utm_campaign=gmb,Playa del Carmen,Quintana Roo,Mexico,"Real Amalfi 124, 77710 Playa del Carmen, Q.R., México",Empresa constructora,"construction, architecture",5,1,,Google Maps,https://www.google.com/maps/search/?api=1&query=ARDICA%20Construcciones%20y%20Remodelaciones%20Inteligentes%20%26%20Trazzo%20Arquitectos%20-%20ESTUDIOS%20DESIGN%20%2F%20DECO%20%26%20CONSTR.&query_place_id=ChIJR9ja5ChDTo8RjYaVb6mDTZc,,Call +52 984 187 4142,"Hola ARDICA Construcciones y Remodelaciones Inteligentes & Trazzo Arquitectos - ESTUDIOS DESIGN / DECO & CONSTR.,

Soy de Recrea Construction, empresa constructora en Playa del Carmen y la Riviera Maya.

Te invitamos a nuestro programa de referidos: por cada cliente que construya con nosotros te damos una COMISIÓN COMPETITIVA.

✅ Comisión atractiva ✅ Residencial/comercial/hoteles boutique ✅ Experiencia comprobada

¿Tienes clientes que buscan construir? ¡Hablemos!

Recrea Construction Riviera Maya",2026-03-13T05:37:22.618381
High,work,False,False,True,PROYECTO CONSTRUCCION Y MANTENIMIENTO JEICKO,,,+52 984 203 0621,https://www.facebook.com/jeicko.espacio.edificacion/,,Quintana Roo,Mexico,"77720, Luis Donaldo Colosio, 77720 Q.R., México",Empresa de construcción,construction,,,,Google Maps,https://www.google.com/maps/search/?api=1&query=PROYECTO%20CONSTRUCCION%20Y%20MANTENIMIENTO%20JEICKO&query_place_id=ChIJnxh7BvJDTo8R38ucwDod1yc,,Call +52 984 203 0621 — ask about construction needs,"Hola PROYECTO CONSTRUCCION Y MANTENIMIENTO JEICKO,

Somos Recrea Construction en Riviera Maya. Vimos su proyecto y queremos presentar una propuesta de construcción.

🔨 Presupuesto sin costo ✅ Acabados premium ✅ Plazos garantizados ✅ Permisos incluidos

¿Agendamos una visita?

Recrea Construction Riviera Maya",2026-03-13T05:37:22.618397
Medium,general,False,False,False,Sala de Ventas,,,+57 300 8507100,https://www.proyectos-inmobiliarios.com/?pais=M%C3%A9xico,Playa del Carmen,Quintana Roo,Mexico,"Calle 3 Bis Sur, Av. 45 Nte. 40-y, 77710 Playa del Carmen, Q.R., México",Urbanización,,4.9,7,,Google Maps,https://www.google.com/maps/search/?api=1&query=Sala%20de%20Ventas&query_place_id=ChIJbbXma0tDTo8RBFgxSxhiJ7Q,,Call +57 300 8507100,"Hola Sala de Ventas,

Soy de Recrea Construction, empresa constructora en Playa del Carmen y la Riviera Maya.

Te invitamos a nuestro programa de referidos: por cada cliente que construya con nosotros te damos una COMISIÓN COMPETITIVA.

✅ Comisión atractiva ✅ Residencial/comercial/hoteles boutique ✅ Experiencia comprobada

¿Tienes clientes que buscan construir? ¡Hablemos!

Recrea Construction Riviera Maya",2026-03-13T05:37:22.618406
Medium,general,False,False,False,CONSTRUCIONES REYNA MOCTEZUMA,,,+52 998 395 2946,,,Quintana Roo,Mexico,"Pek'iha' 41, Tierra Maya Región 105, manzana 91, lote 1, casa 41, 77539 Cancún, Q.R., México",Empresa de construcción,construction,4,1,,Google Maps,https://www.google.com/maps/search/?api=1&query=CONSTRUCIONES%20REYNA%20MOCTEZUMA&query_place_id=ChIJSQ7sSBIrTI8RibN2XcQmdwE,,Call +52 998 395 2946,"Hola CONSTRUCIONES REYNA MOCTEZUMA,

Soy de Recrea Construction, empresa constructora en Riviera Maya y la Riviera Maya.

Te invitamos a nuestro programa de referidos: por cada cliente que construya con nosotros te damos una COMISIÓN COMPETITIVA.

✅ Comisión atractiva ✅ Residencial/comercial/hoteles boutique ✅ Experiencia comprobada

¿Tienes clientes que buscan construir? ¡Hablemos!

Recrea Construction Riviera Maya",2026-03-13T05:37:22.618424
High,general,False,False,False,ICCS CONSTRUCTORA,,,+52 998 844 0301,http://grupoiccs.com.mx/,,Quintana Roo,Mexico,"77500 SMZ 3 MZ AV BONAMPAK, Av. Bonampak 28, 77500 Cancún, Q.R., México",Empresa constructora,construction,4.9,15,,Google Maps,https://www.google.com/maps/search/?api=1&query=ICCS%20CONSTRUCTORA&query_place_id=ChIJc8Bi4sUrTI8RNB2vi2ULQWE,,Call +52 998 844 0301,"Hola ICCS CONSTRUCTORA,

Soy de Recrea Construction, empresa constructora en Riviera Maya y la Riviera Maya.

Te invitamos a nuestro programa de referidos: por cada cliente que construya con nosotros te damos una COMISIÓN COMPETITIVA.

✅ Comisión atractiva ✅ Residencial/comercial/hoteles boutique ✅ Experiencia comprobada

¿Tienes clientes que buscan construir? ¡Hablemos!

Recrea Construction Riviera Maya",2026-03-13T05:37:22.618439
Medium,general,False,False,False,ROHOGAR,,,+52 998 152 3987,http://www.rohogar.com/,Puerto Morelos,Quintana Roo,Mexico,"77580 Puerto Morelos, Q.R., México",Empresa de construcción,construction,5,28,,Google Maps,https://www.google.com/maps/search/?api=1&query=ROHOGAR&query_place_id=ChIJu3ga01iHTo8Rsq03ahM7QXE,,Call +52 998 152 3987,"Hola ROHOGAR,

Soy de Recrea Construction, empresa constructora en Puerto Morelos y la Riviera Maya.

Te invitamos a nuestro programa de referidos: por cada cliente que construya con nosotros te damos una COMISIÓN COMPETITIVA.

✅ Comisión atractiva ✅ Residencial/comercial/hoteles boutique ✅ Experiencia comprobada

¿Tienes clientes que buscan construir? ¡Hablemos!

Recrea Construction Riviera Maya",2026-03-13T05:37:22.618449
Medium,general,False,False,False,XAJO CONSTRUCCIONES,,,+52 984 879 4203,http://xajo.com.mx/,Playa del Carmen,Quintana Roo,Mexico,"Col. Ejido Norte, calle 16 16 entre avenida 110 y avenida 115 col. ejido norte calle 16 mza 13 lote 6, PRIMERA CERRADA SUR Manzana 32 Lote 5, entre la AV 119 y 115, 77712 Playa del Carmen, Q.R., México",Compañía eléctrica,construction,5,1,,Google Maps,https://www.google.com/maps/search/?api=1&query=XAJO%20CONSTRUCCIONES&query_place_id=ChIJ_a6xBgBDTo8RfxQT1Vo4lC0,,Call +52 984 879 4203,"Hola XAJO CONSTRUCCIONES,

Soy de Recrea Construction, empresa constructora en Playa del Carmen y la Riviera Maya.

Te invitamos a nuestro programa de referidos: por cada cliente que construya con nosotros te damos una COMISIÓN COMPETITIVA.

✅ Comisión atractiva ✅ Residencial/comercial/hoteles boutique ✅ Experiencia comprobada

¿Tienes clientes que buscan construir? ¡Hablemos!

Recrea Construction Riviera Maya",2026-03-13T05:37:22.618458
High,general,False,False,False,PROHABIA Construcciones,,,+52 998 865 4501,,Playa del Carmen,Quintana Roo,Mexico,"Nueva creacion, calle 90, manzana 32, lote 9 Col, 28 de Julio, 77714 Playa del Carmen, Q.R., México",Constructor,construction,4.8,4,,Google Maps,https://www.google.com/maps/search/?api=1&query=PROHABIA%20Construcciones&query_place_id=ChIJTw_knF9DTo8RqofVVwANGdU,,Call +52 998 865 4501,"Hola PROHABIA Construcciones,

Soy de Recrea Construction, empresa constructora en Playa del Carmen y la Riviera Maya.

Te invitamos a nuestro programa de referidos: por cada cliente que construya con nosotros te damos una COMISIÓN COMPETITIVA.

✅ Comisión atractiva ✅ Residencial/comercial/hoteles boutique ✅ Experiencia comprobada

¿Tienes clientes que buscan construir? ¡Hablemos!

Recrea Construction Riviera Maya",2026-03-13T05:37:22.618468
High,general,False,False,False,"Exinsa, S.A. de C.V.",,,+52 998 892 6234,http://www.exinsa.com.mx/,,Quintana Roo,Mexico,"Av. Niños Héroes Supermanzana 220 Manzana 51 Lote 1-A, 77517 Cancún, Q.R., México",Empresa constructora,construction,3.8,23,,Google Maps,https://www.google.com/maps/search/?api=1&query=Exinsa%2C%20S.A.%20de%20C.V.&query_place_id=ChIJRW_jy3srTI8RhBSvjgc4szU,,Call +52 998 892 6234,"Hola Exinsa, S.A. de C.V.,

Soy de Recrea Construction, empresa constructora en Riviera Maya y la Riviera Maya.

Te invitamos a nuestro programa de referidos: por cada cliente que construya con nosotros te damos una COMISIÓN COMPETITIVA.

✅ Comisión atractiva ✅ Residencial/comercial/hoteles boutique ✅ Experiencia comprobada

¿Tienes clientes que buscan construir? ¡Hablemos!

Recrea Construction Riviera Maya",2026-03-13T05:37:22.618482
High,general,False,False,False,Ac Construcciones,,,+52 998 206 0191,http://www.acconstrucciones.com.mx/,,Quintana Roo,Mexico,"Jose Maria Morelos L6, Sm 307, Mza 266, Col. Doctores, Alfredo v. Bonfil, 77560 Cancún, Q.R., México",Constructor,construction,4.5,17,,Google Maps,https://www.google.com/maps/search/?api=1&query=Ac%20Construcciones&query_place_id=ChIJWaCIQm4qTI8RkV_rCB2NyVQ,,Call +52 998 206 0191,"Hola Ac Construcciones,

Soy de Recrea Construction, empresa constructora en Riviera Maya y la Riviera Maya.

Te invitamos a nuestro programa de referidos: por cada cliente que construya con nosotros te damos una COMISIÓN COMPETITIVA.

✅ Comisión atractiva ✅ Residencial/comercial/hoteles boutique ✅ Experiencia comprobada

¿Tienes clientes que buscan construir? ¡Hablemos!

Recrea Construction Riviera Maya",2026-03-13T05:37:22.618498
High,general,False,False,False,Grupo Dico | Diseño y Construcción - Oficina Matriz,,,+52 984 803 4215,http://www.grupodico.mx/,Playa del Carmen,Quintana Roo,Mexico,"Av. P.º de Toledo Supermanzana 70 Manzana 8 Lote 31, La Toscana, 77710 Playa del Carmen, Q.R., México",Empresa constructora,construction,4.5,13,,Google Maps,https://www.google.com/maps/search/?api=1&query=Grupo%20Dico%20%7C%20Dise%C3%B1o%20y%20Construcci%C3%B3n%20-%20Oficina%20Matriz&query_place_id=ChIJKZ0-xMtCTo8RPQnSfO_qc9g,,Call +52 984 803 4215,"Hola Grupo Dico | Diseño y Construcción - Oficina Matriz,

Soy de Recrea Construction, empresa constructora en Playa del Carmen y la Riviera Maya.

Te invitamos a nuestro programa de referidos: por cada cliente que construya con nosotros te damos una COMISIÓN COMPETITIVA.

✅ Comisión atractiva ✅ Residencial/comercial/hoteles boutique ✅ Experiencia comprobada

¿Tienes clientes que buscan construir? ¡Hablemos!

Recrea Construction Riviera Maya",2026-03-13T05:37:22.618509
Low,general,False,False,False,"435C+C72 Cancún, Quintana Roo",,,,,,Quintana Roo,Mexico,"77536 Cancún, Q.R., México",Constructor,construction,,,,Google Maps,https://www.google.com/maps/search/?api=1&query=435C%2BC72%20Canc%C3%BAn%2C%20Quintana%20Roo&query_place_id=ChIJkf1CSADVTY8RKrVz0_XbCyU,,Find contact info,"Hola 435C+C72 Cancún, Quintana Roo,

Soy de Recrea Construction, empresa constructora en Riviera Maya y la Riviera Maya.

Te invitamos a nuestro programa de referidos: por cada cliente que construya con nosotros te damos una COMISIÓN COMPETITIVA.

✅ Comisión atractiva ✅ Residencial/comercial/hoteles boutique ✅ Experiencia comprobada

¿Tienes clientes que buscan construir? ¡Hablemos!

Recrea Construction Riviera Maya",2026-03-13T05:37:22.618527
Low,work,False,False,True,Private villa 9 rooms!,,,,,,Quintana Roo,Mexico,"77762 Q.R., México",Casa de recreo,,,,Casa de recreo • Capacidad para 16 • 9 habitaciones • 13 camas,Google Maps,https://www.google.com/maps/search/?api=1&query=Private%20villa%209%20rooms!&query_place_id=ChIJjzP3UpTWT48RUJ40aqdtpHM,,Find contact for construction quote,"Hola Private villa 9 rooms!,

Somos Recrea Construction en Riviera Maya. Vimos su proyecto y queremos presentar una propuesta de construcción.

🔨 Presupuesto sin costo ✅ Acabados premium ✅ Plazos garantizados ✅ Permisos incluidos

¿Agendamos una visita?

Recrea Construction Riviera Maya",2026-03-13T05:37:22.618543
Low,work,False,False,True,Exclusive Beachfront Villa with 4 Bedrooms,,,,,Tulum,Quintana Roo,Mexico,"Tulum Beach, 77766 Tulum, Q.R., México",Casa de recreo,,5,2,Casa de recreo • Capacidad para 8 • 4 habitaciones • 4 camas,Google Maps,https://www.google.com/maps/search/?api=1&query=Exclusive%20Beachfront%20Villa%20with%204%20Bedrooms&query_place_id=ChIJ21rNc8vQT48R6xIMkYg1IgA,,Find contact for construction quote,"Hola Exclusive Beachfront Villa with 4 Bedrooms,

Somos Recrea Construction en Tulum. Vimos su proyecto y queremos presentar una propuesta de construcción.

🔨 Presupuesto sin costo ✅ Acabados premium ✅ Plazos garantizados ✅ Permisos incluidos

¿Agendamos una visita?

Recrea Construction Riviera Maya",2026-03-13T05:37:22.618557
Low,work,False,False,True,Zorba Tulum Beach Homes - Villa with Sea View,,,,,Tulum,Quintana Roo,Mexico,"Tulum Beach, 77766 Tulum, Q.R., México",Casa de recreo,,4.91,10,Casa de recreo • Capacidad para 6 • 2 habitaciones • 4 camas,Google Maps,https://www.google.com/maps/search/?api=1&query=Zorba%20Tulum%20Beach%20Homes%20-%20Villa%20with%20Sea%20View&query_place_id=ChIJ3V6gl0zXT48RK1ce5T3l1w4,,Find contact for construction quote,"Hola Zorba Tulum Beach Homes - Villa with Sea View,

Somos Recrea Construction en Tulum. Vimos su proyecto y queremos presentar una propuesta de construcción.

🔨 Presupuesto sin costo ✅ Acabados premium ✅ Plazos garantizados ✅ Permisos incluidos

¿Agendamos una visita?

Recrea Construction Riviera Maya",2026-03-13T05:37:22.618571
Low,work,False,False,True,La Chamana - Private Luxury Villa in Tulum - Ideal for Groups & Retreats,,,,,Tulum,Quintana Roo,Mexico,"La Veleta, 77760 Tulum, Q.R., México",Casa de recreo,,,,Casa de recreo • Capacidad para 16 • 8 habitaciones • 8 camas,Google Maps,https://www.google.com/maps/search/?api=1&query=La%20Chamana%20-%20Private%20Luxury%20Villa%20in%20Tulum%20-%20Ideal%20for%20Groups%20%26%20Retreats&query_place_id=ChIJoe63_rjWT48RFJFHPU3F9-M,,Find contact for construction quote,"Hola La Chamana - Private Luxury Villa in Tulum - Ideal for Groups & Retreats,

Somos Recrea Construction en Tulum. Vimos su proyecto y queremos presentar una propuesta de construcción.

🔨 Presupuesto sin costo ✅ Acabados premium ✅ Plazos garantizados ✅ Permisos incluidos

¿Agendamos una visita?

Recrea Construction Riviera Maya",2026-03-13T05:37:22.618585
Low,work,False,False,True,6 BR VILLA WITH 3 JACUZZI AND POOL,,,,,Tulum,Quintana Roo,Mexico,"La Veleta, 77760 Tulum, Q.R., México",Casa de recreo,,4.922353,68,Casa de recreo • Capacidad para 10 • 6 habitaciones • 6 baños,Google Maps,https://www.google.com/maps/search/?api=1&query=6%20BR%20VILLA%20WITH%203%20JACUZZI%20AND%20POOL&query_place_id=ChIJMX8TVLjWT48RLxjoxxiozr0,,Find contact for construction quote,"Hola 6 BR VILLA WITH 3 JACUZZI AND POOL,

Somos Recrea Construction en Tulum. Vimos su proyecto y queremos presentar una propuesta de construcción.

🔨 Presupuesto sin costo ✅ Acabados premium ✅ Plazos garantizados ✅ Permisos incluidos

¿Agendamos una visita?

Recrea Construction Riviera Maya",2026-03-13T05:37:22.618597
Low,work,False,False,True,Celebrated Architectural Designer Villa,,,,,Tulum,Quintana Roo,Mexico,"La Veleta, 77760 Tulum, Q.R., México",Casa de recreo,,,,Casa de recreo • Capacidad para 10 • 5 habitaciones • 5 camas,Google Maps,https://www.google.com/maps/search/?api=1&query=Celebrated%20Architectural%20Designer%20Villa&query_place_id=ChIJa_5n67DWT48RZlQiyvqEObY,,Find contact for construction quote,"Hola Celebrated Architectural Designer Villa,

Somos Recrea Construction en Tulum. Vimos su proyecto y queremos presentar una propuesta de construcción.

🔨 Presupuesto sin costo ✅ Acabados premium ✅ Plazos garantizados ✅ Permisos incluidos

¿Agendamos una visita?

Recrea Construction Riviera Maya",2026-03-13T05:37:22.618609
Low,broker,True,False,False,Tulum Real Estate | Terrenos | Propiedades | Hoteles,,,,https://tulumrealestate.com/,Tulum,Quintana Roo,Mexico,"Tulum Calle Chan Caah, Manzana 23 Lote 1, 77760 Tulum, Q.R., México",Agentes inmobiliarios,"real-estate, hospitality",4.7,29,,Google Maps,https://www.google.com/maps/search/?api=1&query=Tulum%20Real%20Estate%20%7C%20Terrenos%20%7C%20Propiedades%20%7C%20Hoteles&query_place_id=ChIJa4JRhYA5To8RaX8RpgwhO5Y,,Find contact for commission offer,"Hola Tulum Real Estate | Terrenos | Propiedades | Hoteles,

Soy de Recrea Construction, empresa constructora en Tulum y la Riviera Maya.

Te invitamos a nuestro programa de referidos: por cada cliente que construya con nosotros te damos una COMISIÓN COMPETITIVA.

✅ Comisión atractiva ✅ Residencial/comercial/hoteles boutique ✅ Experiencia comprobada

¿Tienes clientes que buscan construir? ¡Hablemos!

Recrea Construction Riviera Maya",2026-03-13T05:37:22.618619
Low,work,False,False,True,Villa Las Estrellas Tulum - located at the party zone,,,,https://www.zenhotels.com/go/rooms/7676578/?partner_slug=google.affiliate.d21a&utm_medium=cpc-metasearch&utm_source=google_vr,Tulum,Quintana Roo,Mexico,"Tulum Beach, 77766 Tulum, Q.R., México",Casa de recreo,,,,Casa de recreo • Capacidad para 22 • 6 camas • 24 baños,Google Maps,https://www.google.com/maps/search/?api=1&query=Villa%20Las%20Estrellas%20Tulum%20-%20located%20at%20the%20party%20zone&query_place_id=ChIJO6J3QczQT48RQAHQLkFDSx4,,Find contact for construction quote,"Hola Villa Las Estrellas Tulum - located at the party zone,

Somos Recrea Construction en Tulum. Vimos su proyecto y queremos presentar una propuesta de construcción.

🔨 Presupuesto sin costo ✅ Acabados premium ✅ Plazos garantizados ✅ Permisos incluidos

¿Agendamos una visita?

Recrea Construction Riviera Maya",2026-03-13T05:37:22.618632
Low,work,False,False,True,Twelve O'Clock - Luxury Villas - Villa,,,,https://br.bluepillow.com/search/65ca0b5f671b07d23c6b1ab0?dest=bkng&cat=Villa&lat=20.19204&lng=-87.47092&language=pt,Tulum,Quintana Roo,Mexico,"La Veleta, 77760 Tulum, Q.R., México",Vacation rental,,,,,Google Maps,https://www.google.com/maps/search/?api=1&query=Twelve%20O'Clock%20-%20Luxury%20Villas%20-%20Villa&query_place_id=ChIJL5g03cfWT48R7eMhG8407bg,,Find contact for construction quote,"Hola Twelve O'Clock - Luxury Villas - Villa,

Somos Recrea Construction en Tulum. Vimos su proyecto y queremos presentar una propuesta de construcción.

🔨 Presupuesto sin costo ✅ Acabados premium ✅ Plazos garantizados ✅ Permisos incluidos

¿Agendamos una visita?

Recrea Construction Riviera Maya",2026-03-13T05:37:22.618641
Low,work,False,False,True,Beachfront Villa Playaäkun - Villa with Sea View,,,,,,Quintana Roo,Mexico,"77766 Q.R., México",Vacation rental,,,,,Google Maps,https://www.google.com/maps/search/?api=1&query=Beachfront%20Villa%20Playa%C3%A4kun%20-%20Villa%20with%20Sea%20View&query_place_id=ChIJIaMbeFbXT48R4xPgpZJ5MLc,,Find contact for construction quote,"Hola Beachfront Villa Playaäkun - Villa with Sea View,

Somos Recrea Construction en Riviera Maya. Vimos su proyecto y queremos presentar una propuesta de construcción.

🔨 Presupuesto sin costo ✅ Acabados premium ✅ Plazos garantizados ✅ Permisos incluidos

¿Agendamos una visita?

Recrea Construction Riviera Maya",2026-03-13T05:37:22.618653
Low,work,False,False,True,Villa Aqua|Luxury 9 Bedroom Villa & Private Cenote,,,,https://rentals.stayatorigin.com/property/villa-aqualuxury-9-bedroom-villa-private-cenote#availability,,Quintana Roo,Mexico,"77766 Q.R., México",Vacation rental,,,,,Google Maps,https://www.google.com/maps/search/?api=1&query=Villa%20Aqua%7CLuxury%209%20Bedroom%20Villa%20%26%20Private%20Cenote&query_place_id=ChIJFzEVzTHXT48R0RY6RR3Ykic,,Find contact for construction quote,"Hola Villa Aqua|Luxury 9 Bedroom Villa & Private Cenote,

Somos Recrea Construction en Riviera Maya. Vimos su proyecto y queremos presentar una propuesta de construcción.

🔨 Presupuesto sin costo ✅ Acabados premium ✅ Plazos garantizados ✅ Permisos incluidos

¿Agendamos una visita?

Recrea Construction Riviera Maya",2026-03-13T05:37:22.618690
Low,work,False,False,True,"Tulum Private Villa, Weddings, Retreats, Groups - Villa",,,,https://br.bluepillow.com/search/6949a9125c042e01bace2047?dest=bkng&cat=Villa&lat=20.20939&lng=-87.47526&language=pt,Tulum,Quintana Roo,Mexico,"77760 Tulum, Q.R., México",Casa de recreo,,,,Casa de recreo • Capacidad para 15 • 8 habitaciones • 10 camas,Google Maps,https://www.google.com/maps/search/?api=1&query=Tulum%20Private%20Villa%2C%20Weddings%2C%20Retreats%2C%20Groups%20-%20Villa&query_place_id=ChIJi5EdiKPWT48RSxijpXBFHXQ,,Find contact for construction quote,"Hola Tulum Private Villa, Weddings, Retreats, Groups - Villa,

Somos Recrea Construction en Tulum. Vimos su proyecto y queremos presentar una propuesta de construcción.

🔨 Presupuesto sin costo ✅ Acabados premium ✅ Plazos garantizados ✅ Permisos incluidos

¿Agendamos una visita?

Recrea Construction Riviera Maya",2026-03-13T05:37:22.618709
Low,work,False,False,True,Exclusiva Villa en Tulum - Villa,,,,https://br.bluepillow.com/search/65cad32b671b07d23c709330?dest=bkng&cat=Villa&lat=20.20609&lng=-87.47462&language=pt,Tulum,Quintana Roo,Mexico,"La Veleta, 77760 Tulum, Q.R., México",Casa de recreo,,5,1,Casa de recreo • Capacidad para 12 • 6 habitaciones • 11 camas,Google Maps,https://www.google.com/maps/search/?api=1&query=Exclusiva%20Villa%20en%20Tulum%20-%20Villa&query_place_id=ChIJkVjZsaTWT48RmDcSU_TdLSw,,Find contact for construction quote,"Hola Exclusiva Villa en Tulum - Villa,

Somos Recrea Construction en Tulum. Vimos su proyecto y queremos presentar una propuesta de construcción.

🔨 Presupuesto sin costo ✅ Acabados premium ✅ Plazos garantizados ✅ Permisos incluidos

¿Agendamos una visita?

Recrea Construction Riviera Maya",2026-03-13T05:37:22.618722
Low,general,False,False,False,Hacienda El Paraiso Tulum,,,,,Tulum,Quintana Roo,Mexico,"Zona Hotelera Tulum, Tulum, Q.R., México",Vacation rental,,,,,Google Maps,https://www.google.com/maps/search/?api=1&query=Hacienda%20El%20Paraiso%20Tulum&query_place_id=ChIJBQFsx2_RT48ReXWpw_54b8c,,Find contact info,"Hola Hacienda El Paraiso Tulum,

Soy de Recrea Construction, empresa constructora en Tulum y la Riviera Maya.

Te invitamos a nuestro programa de referidos: por cada cliente que construya con nosotros te damos una COMISIÓN COMPETITIVA.

✅ Comisión atractiva ✅ Residencial/comercial/hoteles boutique ✅ Experiencia comprobada

¿Tienes clientes que buscan construir? ¡Hablemos!

Recrea Construction Riviera Maya",2026-03-13T05:37:22.618733
Low,work,False,False,True,Paradise Villa in Tulum beach - Six-Bedroom House,,,,,Tulum,Quintana Roo,Mexico,"Zona Hotelera Tulum, Tulum, Q.R., México",Casa de recreo,,5,2,Casa de recreo • Capacidad para 15 • 6 habitaciones • 6 camas,Google Maps,https://www.google.com/maps/search/?api=1&query=Paradise%20Villa%20in%20Tulum%20beach%20-%20Six-Bedroom%20House&query_place_id=ChIJrTZmwG_RT48RcqLhvylXTD8,,Find contact for construction quote,"Hola Paradise Villa in Tulum beach - Six-Bedroom House,

Somos Recrea Construction en Tulum. Vimos su proyecto y queremos presentar una propuesta de construcción.

🔨 Presupuesto sin costo ✅ Acabados premium ✅ Plazos garantizados ✅ Permisos incluidos

¿Agendamos una visita?

Recrea Construction Riviera Maya",2026-03-13T05:37:22.618746
Low,work,False,False,True,"Private Villa in Tulum - Perfect for Weddings, Parties & Events",,,,,Tulum,Quintana Roo,Mexico,"77760 Tulum, Q.R., México",Casa de recreo,,,,Casa de recreo • Capacidad para 2,Google Maps,https://www.google.com/maps/search/?api=1&query=Private%20Villa%20in%20Tulum%20-%20Perfect%20for%20Weddings%2C%20Parties%20%26%20Events&query_place_id=ChIJy_uFq6PWT48RoOv4jkWJJe0,,Find contact for construction quote,"Hola Private Villa in Tulum - Perfect for Weddings, Parties & Events,

Somos Recrea Construction en Tulum. Vimos su proyecto y queremos presentar una propuesta de construcción.

🔨 Presupuesto sin costo ✅ Acabados premium ✅ Plazos garantizados ✅ Permisos incluidos

¿Agendamos una visita?

Recrea Construction Riviera Maya",2026-03-13T05:37:22.618759
Low,work,False,False,True,Casa Vida Luxury Villa in Tulúm,,,,,Tulum,Quintana Roo,Mexico,"77760 Tulum, Q.R., México",Casa de recreo,,4.815538,65,Casa de recreo • Capacidad para 12 • 6 habitaciones • 6 camas,Google Maps,https://www.google.com/maps/search/?api=1&query=Casa%20Vida%20Luxury%20Villa%20in%20Tul%C3%BAm&query_place_id=ChIJP9GbsU7RT48RuFyWKfKzrpE,,Find contact for construction quote,"Hola Casa Vida Luxury Villa in Tulúm,

Somos Recrea Construction en Tulum. Vimos su proyecto y queremos presentar una propuesta de construcción.

🔨 Presupuesto sin costo ✅ Acabados premium ✅ Plazos garantizados ✅ Permisos incluidos

¿Agendamos una visita?

Recrea Construction Riviera Maya",2026-03-13T05:37:22.618772
Low,work,False,False,True,6BR Luxury Villa Perla with 2 Pools Game Room - Villa,,,,https://br.bluepillow.com/search/695e9cb8ac408a6eb70c3808?dest=bkng&cat=Villa&lat=20.17651&lng=-87.4748&language=pt,,Quintana Roo,Mexico,"77765 Q.R., México",Vacation rental,,,,,Google Maps,https://www.google.com/maps/search/?api=1&query=6BR%20Luxury%20Villa%20Perla%20with%202%20Pools%20Game%20Room%20-%20Villa&query_place_id=ChIJz51h-tvWT48RGAMc3pyPy-Q,,Find contact for construction quote,"Hola 6BR Luxury Villa Perla with 2 Pools Game Room - Villa,

Somos Recrea Construction en Riviera Maya. Vimos su proyecto y queremos presentar una propuesta de construcción.

🔨 Presupuesto sin costo ✅ Acabados premium ✅ Plazos garantizados ✅ Permisos incluidos

¿Agendamos una visita?

Recrea Construction Riviera Maya",2026-03-13T05:37:22.618785
High,general,False,False,False,ECISA Construcciones- Planta Cancún,,,+52 19981592502,http://www.ecisaconstrucciones.com/,Cancun,Quintana Roo,Mexico,"Valladolid - Cancun, 77542 Cancún, Q.R., México",Empresa constructora,construction,4.1,18,,Google Maps,https://www.google.com/maps/search/?api=1&query=ECISA%20Construcciones-%20Planta%20Canc%C3%BAn&query_place_id=ChIJ4RWpNNrVTY8R_dsOuHBvf18,,Call +52 19981592502,"Hola ECISA Construcciones- Planta Cancún,

Soy de Recrea Construction, empresa constructora en Cancun y la Riviera Maya.

Te invitamos a nuestro programa de referidos: por cada cliente que construya con nosotros te damos una COMISIÓN COMPETITIVA.

✅ Comisión atractiva ✅ Residencial/comercial/hoteles boutique ✅ Experiencia comprobada

¿Tienes clientes que buscan construir? ¡Hablemos!

Recrea Construction Riviera Maya",2026-03-13T05:37:22.618797
High,general,False,False,False,Constructora y Edificadora León,,,+52 998 882 0901,,Cancun,Quintana Roo,Mexico,"Km 5, Carretera Cancun - Chetumal, Benito Juarez, 77500 Cancún, Q.R., México",Empresa constructora,construction,4.5,2,,Google Maps,https://www.google.com/maps/search/?api=1&query=Constructora%20y%20Edificadora%20Le%C3%B3n&query_place_id=ChIJdSLct5akW48RshbMg9QLy98,,Call +52 998 882 0901,"Hola Constructora y Edificadora León,

Soy de Recrea Construction, empresa constructora en Cancun y la Riviera Maya.

Te invitamos a nuestro programa de referidos: por cada cliente que construya con nosotros te damos una COMISIÓN COMPETITIVA.

✅ Comisión atractiva ✅ Residencial/comercial/hoteles boutique ✅ Experiencia comprobada

¿Tienes clientes que buscan construir? ¡Hablemos!

Recrea Construction Riviera Maya",2026-03-13T05:37:22.618807
Low,work,False,False,True,Beachfront villa Casa Tulum beach 8 - Three-Bedroom Villa,,,,https://br.bluepillow.com/search/5d96c5ffe24da41074d60df0?dest=bkng&cat=Villa&lat=20.14796&lng=-87.45892&language=pt,Tulum,Quintana Roo,Mexico,"Tulum Beach, 77766 Q.R., México",Casa de recreo,,,,Casa de recreo • Capacidad para 7 • 3 habitaciones • 3 camas,Google Maps,https://www.google.com/maps/search/?api=1&query=Beachfront%20villa%20Casa%20Tulum%20beach%208%20-%20Three-Bedroom%20Villa&query_place_id=ChIJ023C6MrQT48ReaQ3TJZaJWU,,Find contact for construction quote,"Hola Beachfront villa Casa Tulum beach 8 - Three-Bedroom Villa,

Somos Recrea Construction en Tulum. Vimos su proyecto y queremos presentar una propuesta de construcción.

🔨 Presupuesto sin costo ✅ Acabados premium ✅ Plazos garantizados ✅ Permisos incluidos

¿Agendamos una visita?

Recrea Construction Riviera Maya",2026-03-13T05:37:22.618820
High,general,False,False,False,CRC Construcciones Cancún,,,+52 998 884 4534,https://www.crcconstruccionescancun.com/,,Quintana Roo,Mexico,"Alce 26, 77500 Cancún, Q.R., México",Empresa constructora,construction,4.7,30,,Google Maps,https://www.google.com/maps/search/?api=1&query=CRC%20Construcciones%20Canc%C3%BAn&query_place_id=ChIJfYgf54UrTI8Ry2S0-bdV-so,,Call +52 998 884 4534,"Hola CRC Construcciones Cancún,

Soy de Recrea Construction, empresa constructora en Riviera Maya y la Riviera Maya.

Te invitamos a nuestro programa de referidos: por cada cliente que construya con nosotros te damos una COMISIÓN COMPETITIVA.

✅ Comisión atractiva ✅ Residencial/comercial/hoteles boutique ✅ Experiencia comprobada

¿Tienes clientes que buscan construir? ¡Hablemos!

Recrea Construction Riviera Maya",2026-03-13T05:37:22.618834
High,broker,True,False,False,Ciudad Cenote,,,+52 998 208 7033,http://www.ciudadcenote.com/,,Quintana Roo,Mexico,"77376 Tres Marías, Q.R., México",Promotora inmobiliaria,real-estate,4.8,104,,Google Maps,https://www.google.com/maps/search/?api=1&query=Ciudad%20Cenote&query_place_id=ChIJiz5Gi48rTI8R8o-fSXatukc,,WhatsApp +52 998 208 7033 — offer referral commission,"Hola Ciudad Cenote,

Soy de Recrea Construction, empresa constructora en Riviera Maya y la Riviera Maya.

Te invitamos a nuestro programa de referidos: por cada cliente que construya con nosotros te damos una COMISIÓN COMPETITIVA.

✅ Comisión atractiva ✅ Residencial/comercial/hoteles boutique ✅ Experiencia comprobada

¿Tienes clientes que buscan construir? ¡Hablemos!

Recrea Construction Riviera Maya",2026-03-13T05:37:22.618851
High,general,False,False,False,ARQUITECTURA + INGENIERÍA SA DE CV,,,+52 998 880 7541,,,Quintana Roo,Mexico,"Chacmuctun, Av. Andrés Quintana Roo 39-01, 77507 Cancún, Q.R., México",Constructor,"construction, architecture",4.8,17,,Google Maps,https://www.google.com/maps/search/?api=1&query=ARQUITECTURA%20%2B%20INGENIER%C3%8DA%20SA%20DE%20CV&query_place_id=ChIJd7Qnuo4rTI8RzmsXHbzt5Ns,,Call +52 998 880 7541,"Hola ARQUITECTURA + INGENIERÍA SA DE CV,

Soy de Recrea Construction, empresa constructora en Riviera Maya y la Riviera Maya.

Te invitamos a nuestro programa de referidos: por cada cliente que construya con nosotros te damos una COMISIÓN COMPETITIVA.

✅ Comisión atractiva ✅ Residencial/comercial/hoteles boutique ✅ Experiencia comprobada

¿Tienes clientes que buscan construir? ¡Hablemos!

Recrea Construction Riviera Maya",2026-03-13T05:37:22.618869
High,broker,True,False,True,Ingarpro Desarrollos - Desarrollador Inmobiliario líder en Playa del Carmen,,,+52 984 688 2985,http://ingarpro.com.mx/,Playa del Carmen,Quintana Roo,Mexico,"Plaza Palmeras Local 209, México 307 Manzana 02 Lote 04, Col. Ejido Norte, 77712, 77725 Playa del Carmen, Q.R., México",Promotora inmobiliaria,real-estate,5,4,,Google Maps,https://www.google.com/maps/search/?api=1&query=Ingarpro%20Desarrollos%20-%20Desarrollador%20Inmobiliario%20l%C3%ADder%20en%20Playa%20del%20Carmen&query_place_id=ChIJVVVVlTxDTo8RnAwE9dOiAgI,,WhatsApp +52 984 688 2985 — offer referral commission,"Hola Ingarpro Desarrollos - Desarrollador Inmobiliario líder en Playa del Carmen,

Soy de Recrea Construction, empresa constructora en Playa del Carmen y la Riviera Maya.

Te invitamos a nuestro programa de referidos: por cada cliente que construya con nosotros te damos una COMISIÓN COMPETITIVA.

✅ Comisión atractiva ✅ Residencial/comercial/hoteles boutique ✅ Experiencia comprobada

¿Tienes clientes que buscan construir? ¡Hablemos!

Recrea Construction Riviera Maya",2026-03-13T05:37:22.618880
Medium,general,False,False,False,Consorcio General de Construcción,,,+52 984 309 2720,http://consorciocgc.com/,Playa del Carmen,Quintana Roo,Mexico,"Fracc. Playa del Sol, Av. Xel-Ha Loc. 18, 77726 Playa del Carmen, Q.R., México",Proveedor de materiales de construcción,construction,5,12,,Google Maps,https://www.google.com/maps/search/?api=1&query=Consorcio%20General%20de%20Construcci%C3%B3n&query_place_id=ChIJmW6fBk1dTo8RNgt2NnAgSJQ,,Call +52 984 309 2720,"Hola Consorcio General de Construcción,

Soy de Recrea Construction, empresa constructora en Playa del Carmen y la Riviera Maya.

Te invitamos a nuestro programa de referidos: por cada cliente que construya con nosotros te damos una COMISIÓN COMPETITIVA.

✅ Comisión atractiva ✅ Residencial/comercial/hoteles boutique ✅ Experiencia comprobada

¿Tienes clientes que buscan construir? ¡Hablemos!

Recrea Construction Riviera Maya",2026-03-13T05:37:22.618892
High,broker,True,False,False,Grupo Habitat Riviera Maya,,,+52 998 730 6488,https://www.habitatrivieramaya.com/,Puerto Morelos,Quintana Roo,Mexico,"Adolfo Lopez Mateos Supermanzana 2 Manzana 2 L 2-6, Hotel Arenas, 77580 Puerto Morelos, Q.R., México",Agencia inmobiliaria,real-estate,5,1,,Google Maps,https://www.google.com/maps/search/?api=1&query=Grupo%20Habitat%20Riviera%20Maya&query_place_id=ChIJHf9vb42JTo8RjCoOS8kfYkI,,WhatsApp +52 998 730 6488 — offer referral commission,"Hola Grupo Habitat Riviera Maya,

Soy de Recrea Construction, empresa constructora en Puerto Morelos y la Riviera Maya.

Te invitamos a nuestro programa de referidos: por cada cliente que construya con nosotros te damos una COMISIÓN COMPETITIVA.

✅ Comisión atractiva ✅ Residencial/comercial/hoteles boutique ✅ Experiencia comprobada

¿Tienes clientes que buscan construir? ¡Hablemos!

Recrea Construction Riviera Maya",2026-03-13T05:37:22.618901
High,general,False,False,False,MANTISAQR DE LA RIVIERA MAYA,,,+52 984 879 4203,,Playa del Carmen,Quintana Roo,Mexico,"Calle 16 Nte 110-y 115, entre Avenida Sur, Ejidal, 77712 Playa del Carmen, Q.R., México",Empresa constructora,construction,5,2,,Google Maps,https://www.google.com/maps/search/?api=1&query=MANTISAQR%20DE%20LA%20RIVIERA%20MAYA&query_place_id=ChIJtxPMyARDTo8RfUcjfspho0E,,Call +52 984 879 4203,"Hola MANTISAQR DE LA RIVIERA MAYA,

Soy de Recrea Construction, empresa constructora en Playa del Carmen y la Riviera Maya.

Te invitamos a nuestro programa de referidos: por cada cliente que construya con nosotros te damos una COMISIÓN COMPETITIVA.

✅ Comisión atractiva ✅ Residencial/comercial/hoteles boutique ✅ Experiencia comprobada

¿Tienes clientes que buscan construir? ¡Hablemos!

Recrea Construction Riviera Maya",2026-03-13T05:37:22.618911
High,general,False,False,False,IPC Riviera Maya,,,+52 984 135 5413,,Playa del Carmen,Quintana Roo,Mexico,"Corasol, Mareazul, 77723 Playa del Carmen, Q.R., México",Empresa constructora,construction,,,,Google Maps,https://www.google.com/maps/search/?api=1&query=IPC%20Riviera%20Maya&query_place_id=ChIJq6pqAPpCTo8RP1uDJM6vX7Y,,Call +52 984 135 5413,"Hola IPC Riviera Maya,

Soy de Recrea Construction, empresa constructora en Playa del Carmen y la Riviera Maya.

Te invitamos a nuestro programa de referidos: por cada cliente que construya con nosotros te damos una COMISIÓN COMPETITIVA.

✅ Comisión atractiva ✅ Residencial/comercial/hoteles boutique ✅ Experiencia comprobada

¿Tienes clientes que buscan construir? ¡Hablemos!

Recrea Construction Riviera Maya",2026-03-13T05:37:22.618920
Low,work,False,False,True,Proyectos Integrales de la Riviera,,,,,Playa del Carmen,Quintana Roo,Mexico,"77689 Playa del Carmen, Q.R., México",Empresa constructora,construction,,,,Google Maps,https://www.google.com/maps/search/?api=1&query=Proyectos%20Integrales%20de%20la%20Riviera&query_place_id=ChIJ-9GsBgBFTo8Rg3vNqQadzt0,,Find contact for construction quote,"Hola Proyectos Integrales de la Riviera,

Somos Recrea Construction en Playa del Carmen. Vimos su proyecto y queremos presentar una propuesta de construcción.

🔨 Presupuesto sin costo ✅ Acabados premium ✅ Plazos garantizados ✅ Permisos incluidos

¿Agendamos una visita?

Recrea Construction Riviera Maya",2026-03-13T05:37:22.618929
Low,work,False,False,True,Villa privada y lujosa frente al mar,,,,,Tulum,Quintana Roo,Mexico,"Tulum Beach, 77766 Tulum, Q.R., México",Casa de recreo,,5,60,Casa de recreo • Capacidad para 12 • 6 habitaciones • 6 camas,Google Maps,https://www.google.com/maps/search/?api=1&query=Villa%20privada%20y%20lujosa%20frente%20al%20mar&query_place_id=ChIJu9gAl0zXT48RK78zdRaYJPc,,Find contact for construction quote,"Hola Villa privada y lujosa frente al mar,

Somos Recrea Construction en Tulum. Vimos su proyecto y queremos presentar una propuesta de construcción.

🔨 Presupuesto sin costo ✅ Acabados premium ✅ Plazos garantizados ✅ Permisos incluidos

¿Agendamos una visita?

Recrea Construction Riviera Maya",2026-03-13T05:37:22.618942
High,broker,True,False,True,El Océano Azul - Residencial Riviera Maya,,,+52 81 2516 4569,,Tulum,Quintana Roo,Mexico,"Chemuyil, 777310 Tulum, Q.R., México",Promotora inmobiliaria,real-estate,4,29,,Google Maps,https://www.google.com/maps/search/?api=1&query=El%20Oc%C3%A9ano%20Azul%20-%20Residencial%20Riviera%20Maya&query_place_id=ChIJVXz465kyTo8ROyGj_h9FhuY,,WhatsApp +52 81 2516 4569 — offer referral commission,"Hola El Océano Azul - Residencial Riviera Maya,

Soy de Recrea Construction, empresa constructora en Tulum y la Riviera Maya.

Te invitamos a nuestro programa de referidos: por cada cliente que construya con nosotros te damos una COMISIÓN COMPETITIVA.

✅ Comisión atractiva ✅ Residencial/comercial/hoteles boutique ✅ Experiencia comprobada

¿Tienes clientes que buscan construir? ¡Hablemos!

Recrea Construction Riviera Maya",2026-03-13T05:37:22.618953
High,general,False,False,False,Quintana Roo Construction,,,+52 984 501 7019,https://qrooconstruction.com/,Playa del Carmen,Quintana Roo,Mexico,"Avenida Manzana 32, Gonzalo Guerrero, 77710 Playa del Carmen, Q.R., México",Constructor,construction,5,40,,Google Maps,https://www.google.com/maps/search/?api=1&query=Quintana%20Roo%20Construction&query_place_id=ChIJaQow_5cc_qYRXAAroOVtUIM,,Call +52 984 501 7019,"Hola Quintana Roo Construction,

Soy de Recrea Construction, empresa constructora en Playa del Carmen y la Riviera Maya.

Te invitamos a nuestro programa de referidos: por cada cliente que construya con nosotros te damos una COMISIÓN COMPETITIVA.

✅ Comisión atractiva ✅ Residencial/comercial/hoteles boutique ✅ Experiencia comprobada

¿Tienes clientes que buscan construir? ¡Hablemos!

Recrea Construction Riviera Maya",2026-03-13T05:37:22.618962
High,work,False,False,True,Proyectos Riviera Maya,,,+52 984 157 2713,,Playa del Carmen,Quintana Roo,Mexico,"Av.mayam, Mayalam, Av mayalam, 77712 Playa del Carmen, Q.R., México",,,,,,Google Maps,https://www.google.com/maps/search/?api=1&query=Proyectos%20Riviera%20Maya&query_place_id=ChIJNVny8ulDTo8REhu-ai9n15k,,Call +52 984 157 2713 — ask about construction needs,"Hola Proyectos Riviera Maya,

Somos Recrea Construction en Playa del Carmen. Vimos su proyecto y queremos presentar una propuesta de construcción.

🔨 Presupuesto sin costo ✅ Acabados premium ✅ Plazos garantizados ✅ Permisos incluidos

¿Agendamos una visita?

Recrea Construction Riviera Maya",2026-03-13T05:37:22.618969
High,broker,True,False,False,Ehabitare Real Estate,,,+52 998 209 1244,,,Quintana Roo,Mexico,"Plaza Azuna, Av. Sayil local 11, Zona Hotelera, 77503 Cancún, Q.R., México",Promotora inmobiliaria,real-estate,4.4,326,,Google Maps,https://www.google.com/maps/search/?api=1&query=Ehabitare%20Real%20Estate&query_place_id=ChIJZ8JtDVcpTI8RdFV2V5-pvGk,,WhatsApp +52 998 209 1244 — offer referral commission,"Hola Ehabitare Real Estate,

Soy de Recrea Construction, empresa constructora en Riviera Maya y la Riviera Maya.

Te invitamos a nuestro programa de referidos: por cada cliente que construya con nosotros te damos una COMISIÓN COMPETITIVA.

✅ Comisión atractiva ✅ Residencial/comercial/hoteles boutique ✅ Experiencia comprobada

¿Tienes clientes que buscan construir? ¡Hablemos!

Recrea Construction Riviera Maya",2026-03-13T05:37:22.618983
Medium,general,False,False,False,IMAV RIVIERA MAYA,,,+52 984 311 3966,https://imavrivieramaya.com/,Playa del Carmen,Quintana Roo,Mexico,"C. 6 Nte. Manzana 166 Lote 13, entre 105 y 110, Ejidal, 77712 Playa del Carmen, Q.R., México",Empresa de construcción,construction,,,,Google Maps,https://www.google.com/maps/search/?api=1&query=IMAV%20RIVIERA%20MAYA&query_place_id=ChIJfzy6TgtDTo8R8yoDaOX-6rs,,Call +52 984 311 3966,"Hola IMAV RIVIERA MAYA,

Soy de Recrea Construction, empresa constructora en Playa del Carmen y la Riviera Maya.

Te invitamos a nuestro programa de referidos: por cada cliente que construya con nosotros te damos una COMISIÓN COMPETITIVA.

✅ Comisión atractiva ✅ Residencial/comercial/hoteles boutique ✅ Experiencia comprobada

¿Tienes clientes que buscan construir? ¡Hablemos!

Recrea Construction Riviera Maya",2026-03-13T05:37:22.618993
High,broker,True,True,False,Thomas Investments,,,+52 55 2737 0370,,,Quintana Roo,Mexico,"Av Carlos Nader 23, 77500 Cancún, Q.R., México",Agencia inmobiliaria,"real-estate, investor",3.7,3,,Google Maps,https://www.google.com/maps/search/?api=1&query=Thomas%20Investments&query_place_id=ChIJw1L_mQEsTI8RvxeDFmPBhOI,,WhatsApp +52 55 2737 0370 — offer referral commission,"Hola Thomas Investments,

Soy de Recrea Construction, empresa constructora en Riviera Maya y la Riviera Maya.

Te invitamos a nuestro programa de referidos: por cada cliente que construya con nosotros te damos una COMISIÓN COMPETITIVA.

✅ Comisión atractiva ✅ Residencial/comercial/hoteles boutique ✅ Experiencia comprobada

¿Tienes clientes que buscan construir? ¡Hablemos!

Recrea Construction Riviera Maya",2026-03-13T05:37:22.619005
High,broker,True,False,False,Caribbean Realtors,,,+52 998 186 0535,http://www.caribbeanrealtors.com.mx/,,Quintana Roo,Mexico,"Av Acanceh mzn 2 Lt 3, piso 3-B, SM 11 Av Acanceh mzn 2, Lt 3, piso 3-B, 77504 Cancún, Q.R., México",Agencia inmobiliaria,real-estate,4.8,65,,Google Maps,https://www.google.com/maps/search/?api=1&query=Caribbean%20Realtors&query_place_id=ChIJ3Uj5pQcrTI8RP4bxZ2zobnE,,WhatsApp +52 998 186 0535 — offer referral commission,"Hola Caribbean Realtors,

Soy de Recrea Construction, empresa constructora en Riviera Maya y la Riviera Maya.

Te invitamos a nuestro programa de referidos: por cada cliente que construya con nosotros te damos una COMISIÓN COMPETITIVA.

✅ Comisión atractiva ✅ Residencial/comercial/hoteles boutique ✅ Experiencia comprobada

¿Tienes clientes que buscan construir? ¡Hablemos!

Recrea Construction Riviera Maya",2026-03-13T05:37:22.619022
High,broker,True,False,False,Aventi Real Estate,,,+52 998 894 8265,http://www.aventirealestate.com/,,Quintana Roo,Mexico,"Corporativo Espacio, Puerto Cancún, Supermanzana Nivel 3 Oficina S03 A3, 77500 Cancún, Q.R., México",Agencia inmobiliaria,real-estate,4.6,21,,Google Maps,https://www.google.com/maps/search/?api=1&query=Aventi%20Real%20Estate&query_place_id=ChIJES2uvvkvTI8RUUoyCTaA7lI,,WhatsApp +52 998 894 8265 — offer referral commission,"Hola Aventi Real Estate,

Soy de Recrea Construction, empresa constructora en Riviera Maya y la Riviera Maya.

Te invitamos a nuestro programa de referidos: por cada cliente que construya con nosotros te damos una COMISIÓN COMPETITIVA.

✅ Comisión atractiva ✅ Residencial/comercial/hoteles boutique ✅ Experiencia comprobada

¿Tienes clientes que buscan construir? ¡Hablemos!

Recrea Construction Riviera Maya",2026-03-13T05:37:22.619038
High,broker,True,False,False,"CENTURY 21 ELITE ADVISORS Real Estate Sale, Rent, & Property Management",,,+52 998 295 3505,https://c21eliteadvisors.com/,,Quintana Roo,Mexico,"Master Plaza Av Huayacán KM 4 SM 330 M 20 L 29, 77560 Cancún, Q.R., México",Agencia inmobiliaria,real-estate,4.5,8,,Google Maps,https://www.google.com/maps/search/?api=1&query=CENTURY%2021%20ELITE%20ADVISORS%20Real%20Estate%20Sale%2C%20Rent%2C%20%26%20Property%20Management&query_place_id=ChIJ13mFrPMqTI8RtckSwjllHZE,,WhatsApp +52 998 295 3505 — offer referral commission,"Hola CENTURY 21 ELITE ADVISORS Real Estate Sale, Rent, & Property Management,

Soy de Recrea Construction, empresa constructora en Riviera Maya y la Riviera Maya.

Te invitamos a nuestro programa de referidos: por cada cliente que construya con nosotros te damos una COMISIÓN COMPETITIVA.

✅ Comisión atractiva ✅ Residencial/comercial/hoteles boutique ✅ Experiencia comprobada

¿Tienes clientes que buscan construir? ¡Hablemos!

Recrea Construction Riviera Maya",2026-03-13T05:37:22.619054
High,broker,True,False,False,CENTURY 21 Apolo Cancún,,,+52 998 885 9022,https://century21apolo.com/vende-tu-inmueble-cancun/,,Quintana Roo,Mexico,"Plaza Meet Point, Monte Athos Supermanzana 310 Manzana 109 planta Baja local 3, Residencial Cumbres, 77560 Cancún, Q.R., México",Agencia inmobiliaria,real-estate,5,62,,Google Maps,https://www.google.com/maps/search/?api=1&query=CENTURY%2021%20Apolo%20Canc%C3%BAn&query_place_id=ChIJTcJS__ArTI8RL7Kkt0IVJZA,,WhatsApp +52 998 885 9022 — offer referral commission,"Hola CENTURY 21 Apolo Cancún,

Soy de Recrea Construction, empresa constructora en Riviera Maya y la Riviera Maya.

Te invitamos a nuestro programa de referidos: por cada cliente que construya con nosotros te damos una COMISIÓN COMPETITIVA.

✅ Comisión atractiva ✅ Residencial/comercial/hoteles boutique ✅ Experiencia comprobada

¿Tienes clientes que buscan construir? ¡Hablemos!

Recrea Construction Riviera Maya",2026-03-13T05:37:22.619071
High,broker,True,False,False,Yinx Real Estate SAS de CV,,,+52 55 4274 3639,https://exprealtyrivieramaya.com/,,Quintana Roo,Mexico,"Frente a Las Plazas Outlets, dentro a, Av. Andrés Quintana Roo Supermanzana 44 Manzana 1 Lote 15-Notaria 118, Zona Hotelera, 77506 Cancún, Q.R., México",Agencia inmobiliaria,real-estate,4.8,16,,Google Maps,https://www.google.com/maps/search/?api=1&query=Yinx%20Real%20Estate%20SAS%20de%20CV&query_place_id=ChIJpxpR0ugpTI8RNJnn6PhDoBs,,WhatsApp +52 55 4274 3639 — offer referral commission,"Hola Yinx Real Estate SAS de CV,

Soy de Recrea Construction, empresa constructora en Riviera Maya y la Riviera Maya.

Te invitamos a nuestro programa de referidos: por cada cliente que construya con nosotros te damos una COMISIÓN COMPETITIVA.

✅ Comisión atractiva ✅ Residencial/comercial/hoteles boutique ✅ Experiencia comprobada

¿Tienes clientes que buscan construir? ¡Hablemos!

Recrea Construction Riviera Maya",2026-03-13T05:37:22.619088
High,broker,True,False,False,AE HOMES Inmobiliaria Cancun,,,+52 998 523 1917,https://www.aehomes.com.mx/,,Quintana Roo,Mexico,"Plaza Pabellon Norte, Av. Andrés Quintana Roo Supermanzana 50 Manzana 99 Lote 01, 77533 Cancún, Q.R., México",Agencia inmobiliaria,real-estate,5,31,,Google Maps,https://www.google.com/maps/search/?api=1&query=AE%20HOMES%20Inmobiliaria%20Cancun&query_place_id=ChIJdRr_moArTI8RQGmG1EBQAoE,,WhatsApp +52 998 523 1917 — offer referral commission,"Hola AE HOMES Inmobiliaria Cancun,

Soy de Recrea Construction, empresa constructora en Riviera Maya y la Riviera Maya.

Te invitamos a nuestro programa de referidos: por cada cliente que construya con nosotros te damos una COMISIÓN COMPETITIVA.

✅ Comisión atractiva ✅ Residencial/comercial/hoteles boutique ✅ Experiencia comprobada

¿Tienes clientes que buscan construir? ¡Hablemos!

Recrea Construction Riviera Maya",2026-03-13T05:37:22.619104
High,general,False,False,False,Constructora Lusen S.A. de .c.v,,,+52 998 880 8335,,,Quintana Roo,Mexico,"Izamal Edificio 26, 77500 Cancún, Q.R., México",Empresa constructora,construction,3.5,6,,Google Maps,https://www.google.com/maps/search/?api=1&query=Constructora%20Lusen%20S.A.%20de%20.c.v&query_place_id=ChIJQ1bB9osrTI8R-2Id8jGowiU,,Call +52 998 880 8335,"Hola Constructora Lusen S.A. de .c.v,

Soy de Recrea Construction, empresa constructora en Riviera Maya y la Riviera Maya.

Te invitamos a nuestro programa de referidos: por cada cliente que construya con nosotros te damos una COMISIÓN COMPETITIVA.

✅ Comisión atractiva ✅ Residencial/comercial/hoteles boutique ✅ Experiencia comprobada

¿Tienes clientes que buscan construir? ¡Hablemos!

Recrea Construction Riviera Maya",2026-03-13T05:37:22.619117
High,investor,False,True,False,ROES & CO - Inversiones Con Plusvalía,,,+52 998 152 2339,http://inversionesconplusvalia.com.mx/,,Quintana Roo,Mexico,"Edificio Veracidad, Supermanzana 43, 77506 Cancún, Q.R., México",Servicio de inversiones,investor,4.7,15,,Google Maps,https://www.google.com/maps/search/?api=1&query=ROES%20%26%20CO%20-%20Inversiones%20Con%20Plusval%C3%ADa&query_place_id=ChIJMVCWMlMrTI8RlmPnsXku61s,,WhatsApp +52 998 152 2339 — present investment opportunity,"Hola ROES & CO - Inversiones Con Plusvalía,

Soy de Recrea Construction en Riviera Maya. Buscamos socios inversionistas para co-desarrollar proyectos de alto rendimiento.

💼 ROI comprobado ✅ Llave en mano ✅ Transparencia total ✅ +10 años en Riviera Maya

¿Te interesa nuestro portafolio?

Recrea Construction Riviera Maya",2026-03-13T05:37:22.619132
High,broker,True,False,False,Carpenter Group | Premium Real Estate,,,+52 998 103 2881,https://www.carpentergroup.com.mx/,Cancun,Quintana Roo,Mexico,"Cancun, Puerto Juarez, Centro, 77500 Cancún, Q.R., México",Agencia inmobiliaria,real-estate,4.7,25,,Google Maps,https://www.google.com/maps/search/?api=1&query=Carpenter%20Group%20%7C%20Premium%20Real%20Estate&query_place_id=ChIJIRT1QlCRpmoRIz3yX8QN-Fw,,WhatsApp +52 998 103 2881 — offer referral commission,"Hola Carpenter Group | Premium Real Estate,

Soy de Recrea Construction, empresa constructora en Cancun y la Riviera Maya.

Te invitamos a nuestro programa de referidos: por cada cliente que construya con nosotros te damos una COMISIÓN COMPETITIVA.

✅ Comisión atractiva ✅ Residencial/comercial/hoteles boutique ✅ Experiencia comprobada

¿Tienes clientes que buscan construir? ¡Hablemos!

Recrea Construction Riviera Maya",2026-03-13T05:37:22.619141
High,broker,True,False,False,"Eproperties - Luxury Real Estate, México.",,,+52 998 146 5154,https://eproperties.mx/,,Quintana Roo,Mexico,"Centro Empresarial Nautilus Área Frontal, Blvd. Kukulcan Km 3.5, Kukulcan Boulevard, Zona Hotelera, 77500 Cancún, Q.R., México",Agencia de bienes inmuebles comerciales,real-estate,5,21,,Google Maps,https://www.google.com/maps/search/?api=1&query=Eproperties%20-%20Luxury%20Real%20Estate%2C%20M%C3%A9xico.&query_place_id=ChIJn1MZ1_QpTI8RdRTUc2e2E_w,,WhatsApp +52 998 146 5154 — offer referral commission,"Hola Eproperties - Luxury Real Estate, México.,

Soy de Recrea Construction, empresa constructora en Riviera Maya y la Riviera Maya.

Te invitamos a nuestro programa de referidos: por cada cliente que construya con nosotros te damos una COMISIÓN COMPETITIVA.

✅ Comisión atractiva ✅ Residencial/comercial/hoteles boutique ✅ Experiencia comprobada

¿Tienes clientes que buscan construir? ¡Hablemos!

Recrea Construction Riviera Maya",2026-03-13T05:37:22.619160
High,broker,True,False,False,Maxproperties Cancún,,,+52 984 113 6390,https://maxproperties.com.mx/,,Quintana Roo,Mexico,"Avenida Bonampak esquina Uxmal Planta Baja, Supermanzana 3 Manzana 20 Local A, 77500 Cancún, Q.R., México",Agencia inmobiliaria,real-estate,5,13,,Google Maps,https://www.google.com/maps/search/?api=1&query=Maxproperties%20Canc%C3%BAn&query_place_id=ChIJSVD-hOMvTI8R_Gcu4zedTEA,,WhatsApp +52 984 113 6390 — offer referral commission,"Hola Maxproperties Cancún,

Soy de Recrea Construction, empresa constructora en Riviera Maya y la Riviera Maya.

Te invitamos a nuestro programa de referidos: por cada cliente que construya con nosotros te damos una COMISIÓN COMPETITIVA.

✅ Comisión atractiva ✅ Residencial/comercial/hoteles boutique ✅ Experiencia comprobada

¿Tienes clientes que buscan construir? ¡Hablemos!

Recrea Construction Riviera Maya",2026-03-13T05:37:22.619177
High,broker,True,True,False,Alejandro Alamilla. Investing Real Estate. Cancún,,,+52 998 117 7166,https://goexp.org/ale-alamilla-cancun-realtor,Cancun,Quintana Roo,Mexico,"Blvd. Kukulcan 9, Punta Cancun, Zona Hotelera, 77500 Cancún, Q.R., México",Agencia inmobiliaria,"real-estate, investor",5,3,,Google Maps,https://www.google.com/maps/search/?api=1&query=Alejandro%20Alamilla.%20Investing%20Real%20Estate.%20Canc%C3%BAn&query_place_id=ChIJ8-nPbqUpTI8RpdEjkkUbz4s,,WhatsApp +52 998 117 7166 — offer referral commission,"Hola Alejandro Alamilla. Investing Real Estate. Cancún,

Soy de Recrea Construction, empresa constructora en Cancun y la Riviera Maya.

Te invitamos a nuestro programa de referidos: por cada cliente que construya con nosotros te damos una COMISIÓN COMPETITIVA.

✅ Comisión atractiva ✅ Residencial/comercial/hoteles boutique ✅ Experiencia comprobada

¿Tienes clientes que buscan construir? ¡Hablemos!

Recrea Construction Riviera Maya",2026-03-13T05:37:22.619187
High,broker,True,True,False,Investing Real Estate,,,+52 443 238 9530,,,Quintana Roo,Mexico,"Av. Bonampak Supermanzana 6 Manzana 1 Lote 1, 77500 Cancún, Q.R., México",Agencia inmobiliaria,"real-estate, investor",,,,Google Maps,https://www.google.com/maps/search/?api=1&query=Investing%20Real%20Estate&query_place_id=ChIJcS2X91cpTI8R9_jw5RORsyk,,WhatsApp +52 443 238 9530 — offer referral commission,"Hola Investing Real Estate,

Soy de Recrea Construction, empresa constructora en Riviera Maya y la Riviera Maya.

Te invitamos a nuestro programa de referidos: por cada cliente que construya con nosotros te damos una COMISIÓN COMPETITIVA.

✅ Comisión atractiva ✅ Residencial/comercial/hoteles boutique ✅ Experiencia comprobada

¿Tienes clientes que buscan construir? ¡Hablemos!

Recrea Construction Riviera Maya",2026-03-13T05:37:22.619200
High,broker,True,True,False,HH Luxury Investments,,,+52 984 138 0131,https://hhluxuryinvestments.com/index.html,Playa del Carmen,Quintana Roo,Mexico,"5 Av. Nte. entre Calle 38 y Calle 40, Gonzalo Guerrero, 77710 Playa del Carmen, Q.R., México",Agencia de bienes inmuebles comerciales,investor,5,13,,Google Maps,https://www.google.com/maps/search/?api=1&query=HH%20Luxury%20Investments&query_place_id=ChIJS7VfW3hDTo8RpiimEmgd2Vg,,WhatsApp +52 984 138 0131 — offer referral commission,"Hola HH Luxury Investments,

Soy de Recrea Construction, empresa constructora en Playa del Carmen y la Riviera Maya.

Te invitamos a nuestro programa de referidos: por cada cliente que construya con nosotros te damos una COMISIÓN COMPETITIVA.

✅ Comisión atractiva ✅ Residencial/comercial/hoteles boutique ✅ Experiencia comprobada

¿Tienes clientes que buscan construir? ¡Hablemos!

Recrea Construction Riviera Maya",2026-03-13T05:37:22.619209
High,broker,True,False,False,All Brokers,,,+52 984 179 8206,https://www.allbrokers.com.mx/,Playa del Carmen,Quintana Roo,Mexico,"El Tigrillo, México 307 112, El Tigrillo, Ejidal, 77712 Playa del Carmen, Q.R., México",Agencia de bienes inmuebles comerciales,,5,9,,Google Maps,https://www.google.com/maps/search/?api=1&query=All%20Brokers&query_place_id=ChIJfZKIthxDTo8RFtg4yLlyo2U,,WhatsApp +52 984 179 8206 — offer referral commission,"Hola All Brokers,

Soy de Recrea Construction, empresa constructora en Playa del Carmen y la Riviera Maya.

Te invitamos a nuestro programa de referidos: por cada cliente que construya con nosotros te damos una COMISIÓN COMPETITIVA.

✅ Comisión atractiva ✅ Residencial/comercial/hoteles boutique ✅ Experiencia comprobada

¿Tienes clientes que buscan construir? ¡Hablemos!

Recrea Construction Riviera Maya",2026-03-13T05:37:22.619218
High,broker,True,False,False,Ventas de Casas y Departamentos en Playa del Carmen | Asesora de Bienes Raíces Yuliet Bauta,,,+52 983 733 4583,,Playa del Carmen,Quintana Roo,Mexico,"Real Amalfi, 77725 Playa del Carmen, Q.R., México",Agencia inmobiliaria,"real-estate, residential",5,27,,Google Maps,https://www.google.com/maps/search/?api=1&query=Ventas%20de%20Casas%20y%20Departamentos%20en%20Playa%20del%20Carmen%20%7C%20Asesora%20de%20Bienes%20Ra%C3%ADces%20Yuliet%20Bauta&query_place_id=ChIJqf23yY5DTo8RSc3wgWEpFi0,,WhatsApp +52 983 733 4583 — offer referral commission,"Hola Ventas de Casas y Departamentos en Playa del Carmen | Asesora de Bienes Raíces Yuliet Bauta,

Soy de Recrea Construction, empresa constructora en Playa del Carmen y la Riviera Maya.

Te invitamos a nuestro programa de referidos: por cada cliente que construya con nosotros te damos una COMISIÓN COMPETITIVA.

✅ Comisión atractiva ✅ Residencial/comercial/hoteles boutique ✅ Experiencia comprobada

¿Tienes clientes que buscan construir? ¡Hablemos!

Recrea Construction Riviera Maya",2026-03-13T05:37:22.619230
High,broker,True,False,False,Terrenos en Cancun Amistad Bienes Raíces,,,+52 998 267 9241,https://www.facebook.com/amistadbr,,Quintana Roo,Mexico,"Av. Las Torres Supermanzana 523 Manzana , 43 Lote 1-Local e, Los Faroles, 77535 Cancún, Q.R., México",Agencia inmobiliaria,real-estate,4.9,4764,,Google Maps,https://www.google.com/maps/search/?api=1&query=Terrenos%20en%20Cancun%20Amistad%20Bienes%20Ra%C3%ADces&query_place_id=ChIJd1IQJqMrTI8RT-0HeX8g2dA,,WhatsApp +52 998 267 9241 — offer referral commission,"Hola Terrenos en Cancun Amistad Bienes Raíces,

Soy de Recrea Construction, empresa constructora en Riviera Maya y la Riviera Maya.

Te invitamos a nuestro programa de referidos: por cada cliente que construya con nosotros te damos una COMISIÓN COMPETITIVA.

✅ Comisión atractiva ✅ Residencial/comercial/hoteles boutique ✅ Experiencia comprobada

¿Tienes clientes que buscan construir? ¡Hablemos!

Recrea Construction Riviera Maya",2026-03-13T05:37:22.619247
High,broker,True,False,False,Century 21 Caribbean Paradise Real Estate en Playa del Carmen,,,+52 984 879 4858,http://www.c21caribbean.com/,Playa del Carmen,Quintana Roo,Mexico,"Plaza San Carlos, 10 Avenida Nte. y 40, entre calle 38, Zazil-ha, 77710 Playa del Carmen, Q.R., México",Agencia inmobiliaria,real-estate,4.4,108,,Google Maps,https://www.google.com/maps/search/?api=1&query=Century%2021%20Caribbean%20Paradise%20Real%20Estate%20en%20Playa%20del%20Carmen&query_place_id=ChIJQSRA0StDTo8RA4qIOdkc_yM,,WhatsApp +52 984 879 4858 — offer referral commission,"Hola Century 21 Caribbean Paradise Real Estate en Playa del Carmen,

Soy de Recrea Construction, empresa constructora en Playa del Carmen y la Riviera Maya.

Te invitamos a nuestro programa de referidos: por cada cliente que construya con nosotros te damos una COMISIÓN COMPETITIVA.

✅ Comisión atractiva ✅ Residencial/comercial/hoteles boutique ✅ Experiencia comprobada

¿Tienes clientes que buscan construir? ¡Hablemos!

Recrea Construction Riviera Maya",2026-03-13T05:37:22.619257
High,broker,True,False,False,Preferred Luxury Real Estate,,,+52 998 293 1591,https://www.preferredrealestate.com.mx/,Cancun,Quintana Roo,Mexico,"Marina Puerto Cancún Marina Business Lt.1 Int. A 05, 77500 Puerto Cancun, Q.R., México",Agencia de bienes inmuebles comerciales,real-estate,5,13,,Google Maps,https://www.google.com/maps/search/?api=1&query=Preferred%20Luxury%20Real%20Estate&query_place_id=ChIJKdZrJN4vTI8RIp2uukyXFVk,,WhatsApp +52 998 293 1591 — offer referral commission,"Hola Preferred Luxury Real Estate,

Soy de Recrea Construction, empresa constructora en Cancun y la Riviera Maya.

Te invitamos a nuestro programa de referidos: por cada cliente que construya con nosotros te damos una COMISIÓN COMPETITIVA.

✅ Comisión atractiva ✅ Residencial/comercial/hoteles boutique ✅ Experiencia comprobada

¿Tienes clientes que buscan construir? ¡Hablemos!

Recrea Construction Riviera Maya",2026-03-13T05:37:22.619268
High,broker,True,False,False,Global Properties Mexico,,,+52 998 763 5469,https://globalpropertiesmexico.com/,,Quintana Roo,Mexico,"Blvd. Kukulcan km12, La Isla, Isla Dorada, 77500 Cancún, Q.R., México",Agentes inmobiliarios,real-estate,5,2,,Google Maps,https://www.google.com/maps/search/?api=1&query=Global%20Properties%20Mexico&query_place_id=ChIJV0Zb-akpTI8R32AC1IxYg5g,,WhatsApp +52 998 763 5469 — offer referral commission,"Hola Global Properties Mexico,

Soy de Recrea Construction, empresa constructora en Riviera Maya y la Riviera Maya.

Te invitamos a nuestro programa de referidos: por cada cliente que construya con nosotros te damos una COMISIÓN COMPETITIVA.

✅ Comisión atractiva ✅ Residencial/comercial/hoteles boutique ✅ Experiencia comprobada

¿Tienes clientes que buscan construir? ¡Hablemos!

Recrea Construction Riviera Maya",2026-03-13T05:37:22.619282
High,broker,True,False,False,Royal Casa Bienes Raíces,,,+52 984 147 3109,http://www.royalcasa.com.mx/,Playa del Carmen,Quintana Roo,Mexico,"Calle 30 A Nte Bis 105, Ejidal, 77712 Playa del Carmen, Q.R., México",Agencia inmobiliaria,real-estate,5,115,,Google Maps,https://www.google.com/maps/search/?api=1&query=Royal%20Casa%20Bienes%20Ra%C3%ADces&query_place_id=ChIJxeQHciNDTo8R4u3ORUiTiLY,,WhatsApp +52 984 147 3109 — offer referral commission,"Hola Royal Casa Bienes Raíces,

Soy de Recrea Construction, empresa constructora en Playa del Carmen y la Riviera Maya.

Te invitamos a nuestro programa de referidos: por cada cliente que construya con nosotros te damos una COMISIÓN COMPETITIVA.

✅ Comisión atractiva ✅ Residencial/comercial/hoteles boutique ✅ Experiencia comprobada

¿Tienes clientes que buscan construir? ¡Hablemos!

Recrea Construction Riviera Maya",2026-03-13T05:37:22.619290
High,broker,True,False,False,AMPI Playa del Carmen,,,+52 984 129 8351,http://www.ampiplayadelcarmen.org/,Playa del Carmen,Quintana Roo,Mexico,"Carretera Federal 307 Cancun, Manzana 2 Lote 4-Local 112, Plaza Palmeras, 77725 Playa del Carmen, Q.R., México",Agentes inmobiliarios,real-estate,4.6,21,,Google Maps,https://www.google.com/maps/search/?api=1&query=AMPI%20Playa%20del%20Carmen&query_place_id=ChIJjYE5fSFDTo8Rnth2WJ17pQ0,,WhatsApp +52 984 129 8351 — offer referral commission,"Hola AMPI Playa del Carmen,

Soy de Recrea Construction, empresa constructora en Playa del Carmen y la Riviera Maya.

Te invitamos a nuestro programa de referidos: por cada cliente que construya con nosotros te damos una COMISIÓN COMPETITIVA.

✅ Comisión atractiva ✅ Residencial/comercial/hoteles boutique ✅ Experiencia comprobada

¿Tienes clientes que buscan construir? ¡Hablemos!

Recrea Construction Riviera Maya",2026-03-13T05:37:22.619300
High,broker,True,False,False,IBROKERS | Agencia inmobiliaria,,,+52 984 104 4223,https://ibrokersmexico.com/?utm_source=google&utm_medium=organic&utm_campaign=gmb,,Quintana Roo,Mexico,,Agencia inmobiliaria,real-estate,4.8,50,,Google Maps,https://www.google.com/maps/search/?api=1&query=IBROKERS%20%7C%20Agencia%20inmobiliaria&query_place_id=ChIJu0DCostDTo8RSYe81JXFV0k,,WhatsApp +52 984 104 4223 — offer referral commission,"Hola IBROKERS | Agencia inmobiliaria,

Soy de Recrea Construction, empresa constructora en Riviera Maya y la Riviera Maya.

Te invitamos a nuestro programa de referidos: por cada cliente que construya con nosotros te damos una COMISIÓN COMPETITIVA.

✅ Comisión atractiva ✅ Residencial/comercial/hoteles boutique ✅ Experiencia comprobada

¿Tienes clientes que buscan construir? ¡Hablemos!

Recrea Construction Riviera Maya",2026-03-13T05:37:22.619311
High,broker,True,False,False,Playa Del Carmen Real Estate and Tulum Real Estate Buyplaya Advisors,,,+52 984 803 2487,https://www.buyplaya.co/,Playa del Carmen,Quintana Roo,Mexico,"5 Av. Nte., Centro, 77710 Playa del Carmen, Q.R., México",Agencia inmobiliaria,real-estate,4.8,30,,Google Maps,https://www.google.com/maps/search/?api=1&query=Playa%20Del%20Carmen%20Real%20Estate%20and%20Tulum%20Real%20Estate%20Buyplaya%20Advisors&query_place_id=ChIJs4-ZiiNDTo8RmSEqIEDO228,,WhatsApp +52 984 803 2487 — offer referral commission,"Hola Playa Del Carmen Real Estate and Tulum Real Estate Buyplaya Advisors,

Soy de Recrea Construction, empresa constructora en Playa del Carmen y la Riviera Maya.

Te invitamos a nuestro programa de referidos: por cada cliente que construya con nosotros te damos una COMISIÓN COMPETITIVA.

✅ Comisión atractiva ✅ Residencial/comercial/hoteles boutique ✅ Experiencia comprobada

¿Tienes clientes que buscan construir? ¡Hablemos!

Recrea Construction Riviera Maya",2026-03-13T05:37:22.619323
High,broker,True,False,False,Riviera Broker Playa del Carmen,,,+52 984 184 5131,,Playa del Carmen,Quintana Roo,Mexico,"Privada Nidia 16, 77723 Playa del Carmen, Q.R., México",Agencia de bienes inmuebles comerciales,,5,2,,Google Maps,https://www.google.com/maps/search/?api=1&query=Riviera%20Broker%20Playa%20del%20Carmen&query_place_id=ChIJv4UdfgBDTo8R8kFhGaiCLT0,,WhatsApp +52 984 184 5131 — offer referral commission,"Hola Riviera Broker Playa del Carmen,

Soy de Recrea Construction, empresa constructora en Playa del Carmen y la Riviera Maya.

Te invitamos a nuestro programa de referidos: por cada cliente que construya con nosotros te damos una COMISIÓN COMPETITIVA.

✅ Comisión atractiva ✅ Residencial/comercial/hoteles boutique ✅ Experiencia comprobada

¿Tienes clientes que buscan construir? ¡Hablemos!

Recrea Construction Riviera Maya",2026-03-13T05:37:22.619333
High,broker,True,False,False,Eproperties VIP Real Estate,,,+52 998 146 5154,http://www.eproperties.mx/,,Quintana Roo,Mexico,"Km 3.5 Área Común Frontal Centro Empresarial Nautilus, Blvd. Kukulcan, Zona Hotelera, 77500 Cancún, Q.R., México",Agencia inmobiliaria,real-estate,4.3,11,,Google Maps,https://www.google.com/maps/search/?api=1&query=Eproperties%20VIP%20Real%20Estate&query_place_id=ChIJCxzxqTopTI8RgWfHkOvhUd0,,WhatsApp +52 998 146 5154 — offer referral commission,"Hola Eproperties VIP Real Estate,

Soy de Recrea Construction, empresa constructora en Riviera Maya y la Riviera Maya.

Te invitamos a nuestro programa de referidos: por cada cliente que construya con nosotros te damos una COMISIÓN COMPETITIVA.

✅ Comisión atractiva ✅ Residencial/comercial/hoteles boutique ✅ Experiencia comprobada

¿Tienes clientes que buscan construir? ¡Hablemos!

Recrea Construction Riviera Maya",2026-03-13T05:37:22.619349
High,broker,True,False,True,Lausana Residencial,,,+52 998 880 5060,https://lausana.com.mx/,Cancun,Quintana Roo,Mexico,"Cancun - Chetumal Km 340, Riviera Maya, 77500 Cancún, Q.R., México",Promotora inmobiliaria,real-estate,4.9,8,,Google Maps,https://www.google.com/maps/search/?api=1&query=Lausana%20Residencial&query_place_id=ChIJA4FPrruBTo8Rp9rqnzLQnsw,,WhatsApp +52 998 880 5060 — offer referral commission,"Hola Lausana Residencial,

Soy de Recrea Construction, empresa constructora en Cancun y la Riviera Maya.

Te invitamos a nuestro programa de referidos: por cada cliente que construya con nosotros te damos una COMISIÓN COMPETITIVA.

✅ Comisión atractiva ✅ Residencial/comercial/hoteles boutique ✅ Experiencia comprobada

¿Tienes clientes que buscan construir? ¡Hablemos!

Recrea Construction Riviera Maya",2026-03-13T05:37:22.619358
High,broker,True,False,False,Bienes Raices Quintana Roo,,,+52 984 106 9039,https://bienesraicesquintanaroo.mx/,,Quintana Roo,Mexico,,Agencia inmobiliaria,real-estate,4.9,56,,Google Maps,https://www.google.com/maps/search/?api=1&query=Bienes%20Raices%20Quintana%20Roo&query_place_id=ChIJD8lvMwxDTo8RcSgpP28fO4U,,WhatsApp +52 984 106 9039 — offer referral commission,"Hola Bienes Raices Quintana Roo,

Soy de Recrea Construction, empresa constructora en Riviera Maya y la Riviera Maya.

Te invitamos a nuestro programa de referidos: por cada cliente que construya con nosotros te damos una COMISIÓN COMPETITIVA.

✅ Comisión atractiva ✅ Residencial/comercial/hoteles boutique ✅ Experiencia comprobada

¿Tienes clientes que buscan construir? ¡Hablemos!

Recrea Construction Riviera Maya",2026-03-13T05:37:22.619368
High,broker,True,False,False,Casas y departamentos a crédito en Playa del Carmen y Riviera Maya,,,+52 984 213 7719,https://myplayahome.com/,Playa del Carmen,Quintana Roo,Mexico,"77717 RETORNO II, Chichen Itza Supermanzana FASE Lote 4-II, Playacar, 77717 Playa del Carmen, Q.R Playacar, 77717 Playa del Carmen, Q.R., México",Agencia inmobiliaria,"real-estate, residential",5,11,,Google Maps,https://www.google.com/maps/search/?api=1&query=Casas%20y%20departamentos%20a%20cr%C3%A9dito%20en%20Playa%20del%20Carmen%20y%20Riviera%20Maya&query_place_id=ChIJKRfof_pDTo8RCQY4sYjla7M,,WhatsApp +52 984 213 7719 — offer referral commission,"Hola Casas y departamentos a crédito en Playa del Carmen y Riviera Maya,

Soy de Recrea Construction, empresa constructora en Playa del Carmen y la Riviera Maya.

Te invitamos a nuestro programa de referidos: por cada cliente que construya con nosotros te damos una COMISIÓN COMPETITIVA.

✅ Comisión atractiva ✅ Residencial/comercial/hoteles boutique ✅ Experiencia comprobada

¿Tienes clientes que buscan construir? ¡Hablemos!

Recrea Construction Riviera Maya",2026-03-13T05:37:22.619379
High,work,False,False,True,Desarrollo Palmar,,,+52 998 850 0016,,,Quintana Roo,Mexico,"7W46+7M, 77430 Los Mariachis Dos, Q.R., México",Empresa constructora,construction,,,,Google Maps,https://www.google.com/maps/search/?api=1&query=Desarrollo%20Palmar&query_place_id=ChIJse40AgDbTY8RQsNaVriy6Gg,,Call +52 998 850 0016 — ask about construction needs,"Hola Desarrollo Palmar,

Somos Recrea Construction en Riviera Maya. Vimos su proyecto y queremos presentar una propuesta de construcción.

🔨 Presupuesto sin costo ✅ Acabados premium ✅ Plazos garantizados ✅ Permisos incluidos

¿Agendamos una visita?

Recrea Construction Riviera Maya",2026-03-13T05:37:22.619393
High,broker,True,False,False,Palma Real Properties,,,+52 998 303 1774,http://www.palmarealtors.com/,,Quintana Roo,Mexico,"Edificio Atlantis, Exterior # 5 BIS, Av. Bonampak Supermanzana 4 Manzana 3, 77500 Cancún, Q.R., México",Agencia de bienes inmuebles comerciales,,4.4,41,,Google Maps,https://www.google.com/maps/search/?api=1&query=Palma%20Real%20Properties&query_place_id=ChIJr76LqPwrTI8RO8l4cQRtxBQ,,WhatsApp +52 998 303 1774 — offer referral commission,"Hola Palma Real Properties,

Soy de Recrea Construction, empresa constructora en Riviera Maya y la Riviera Maya.

Te invitamos a nuestro programa de referidos: por cada cliente que construya con nosotros te damos una COMISIÓN COMPETITIVA.

✅ Comisión atractiva ✅ Residencial/comercial/hoteles boutique ✅ Experiencia comprobada

¿Tienes clientes que buscan construir? ¡Hablemos!

Recrea Construction Riviera Maya",2026-03-13T05:37:22.619410
High,general,False,False,False,CENTRO OPERATIVO DE LA RIVIERA,,,+52 33 2513 2117,https://centrooperativoriviera.com/,Tulum,Quintana Roo,Mexico,"Avenida tulum, Acuario Sur esquina, Colonia Centro, 77760 Tulum, Q.R., México",Empresa constructora,construction,,,,Google Maps,https://www.google.com/maps/search/?api=1&query=CENTRO%20OPERATIVO%20DE%20LA%20RIVIERA&query_place_id=ChIJDeQsOuXXT48Rj0re_ahP7lI,,Call +52 33 2513 2117,"Hola CENTRO OPERATIVO DE LA RIVIERA,

Soy de Recrea Construction, empresa constructora en Tulum y la Riviera Maya.

Te invitamos a nuestro programa de referidos: por cada cliente que construya con nosotros te damos una COMISIÓN COMPETITIVA.

✅ Comisión atractiva ✅ Residencial/comercial/hoteles boutique ✅ Experiencia comprobada

¿Tienes clientes que buscan construir? ¡Hablemos!

Recrea Construction Riviera Maya",2026-03-13T05:37:22.619420
High,work,False,False,True,GEOPROYECTOSMEXICO,,,+52 984 240 0595,https://geoproyectosmexico.com/,Tulum,Quintana Roo,Mexico,"Calle Perla 11, Manzana 59, Lote 2 Aldea Tulum, 77780 Tulum, Q.R., México",Empresa constructora,construction,,,,Google Maps,https://www.google.com/maps/search/?api=1&query=GEOPROYECTOSMEXICO&query_place_id=ChIJEWE372fXT48R43uco_IffsY,,Call +52 984 240 0595 — ask about construction needs,"Hola GEOPROYECTOSMEXICO,

Somos Recrea Construction en Tulum. Vimos su proyecto y queremos presentar una propuesta de construcción.

🔨 Presupuesto sin costo ✅ Acabados premium ✅ Plazos garantizados ✅ Permisos incluidos

¿Agendamos una visita?

Recrea Construction Riviera Maya",2026-03-13T05:37:22.619428
High,general,False,False,False,CONSTRUCTORA TRANSMORA,,,+52 998 364 3790,https://www.facebook.com/profile.php?id=100002496812574,,Quintana Roo,Mexico,"Unnamed Road, El Pedregal, 77536 Cancún, Q.R., México",Empresa de construcción,construction,4.3,23,,Google Maps,https://www.google.com/maps/search/?api=1&query=CONSTRUCTORA%20TRANSMORA&query_place_id=ChIJqRRdBzYrTI8RbossDl002NI,,Call +52 998 364 3790,"Hola CONSTRUCTORA TRANSMORA,

Soy de Recrea Construction, empresa constructora en Riviera Maya y la Riviera Maya.

Te invitamos a nuestro programa de referidos: por cada cliente que construya con nosotros te damos una COMISIÓN COMPETITIVA.

✅ Comisión atractiva ✅ Residencial/comercial/hoteles boutique ✅ Experiencia comprobada

¿Tienes clientes que buscan construir? ¡Hablemos!

Recrea Construction Riviera Maya",2026-03-13T05:37:22.619442
High,general,False,False,False,I.T.S.J.A. S.A. DE C.V.,,,+52 55 7780 9654,https://www.facebook.com/talleres.femm,Tulum,Quintana Roo,Mexico,"CARRETERA TULUM - CARRILLO PUERTO, Chunyaxché, Quintana Roo CARRETERA TULUM, 77130 Chunyaxché, Q.R., México",Constructor de casas personalizadas,construction,,,,Google Maps,https://www.google.com/maps/search/?api=1&query=I.T.S.J.A.%20S.A.%20DE%20C.V.&query_place_id=ChIJiyJ4xtEnUI8RO-TcrPhQ9Pg,,Call +52 55 7780 9654,"Hola I.T.S.J.A. S.A. DE C.V.,

Soy de Recrea Construction, empresa constructora en Tulum y la Riviera Maya.

Te invitamos a nuestro programa de referidos: por cada cliente que construya con nosotros te damos una COMISIÓN COMPETITIVA.

✅ Comisión atractiva ✅ Residencial/comercial/hoteles boutique ✅ Experiencia comprobada

¿Tienes clientes que buscan construir? ¡Hablemos!

Recrea Construction Riviera Maya",2026-03-13T05:37:22.619452
High,general,False,False,False,Constructora Gar del Sureste,,,+52 998 892 0410,,,Quintana Roo,Mexico,"Centro, Av. Bonampak 200, 4, 77500 Cancún, Q.R., México",Empresa constructora,construction,5,1,,Google Maps,https://www.google.com/maps/search/?api=1&query=Constructora%20Gar%20del%20Sureste&query_place_id=ChIJCUbAonqv14AR5E3gMbGvFSQ,,Call +52 998 892 0410,"Hola Constructora Gar del Sureste,

Soy de Recrea Construction, empresa constructora en Riviera Maya y la Riviera Maya.

Te invitamos a nuestro programa de referidos: por cada cliente que construya con nosotros te damos una COMISIÓN COMPETITIVA.

✅ Comisión atractiva ✅ Residencial/comercial/hoteles boutique ✅ Experiencia comprobada

¿Tienes clientes que buscan construir? ¡Hablemos!

Recrea Construction Riviera Maya",2026-03-13T05:37:22.619465
High,general,False,False,False,PYD Construcan,,,+52 998 361 6871,https://www.pydconstrucan.com/,,Quintana Roo,Mexico,"Calle Monte Vinsón y Calle Sierra Madre, Supermanzana 310 Manzana 111 Lote 6, 77560 Cancún, Q.R., México",Empresa constructora,construction,5,6,,Google Maps,https://www.google.com/maps/search/?api=1&query=PYD%20Construcan&query_place_id=ChIJJQpl5OsrTI8RLaZUVIkwG54,,Call +52 998 361 6871,"Hola PYD Construcan,

Soy de Recrea Construction, empresa constructora en Riviera Maya y la Riviera Maya.

Te invitamos a nuestro programa de referidos: por cada cliente que construya con nosotros te damos una COMISIÓN COMPETITIVA.

✅ Comisión atractiva ✅ Residencial/comercial/hoteles boutique ✅ Experiencia comprobada

¿Tienes clientes que buscan construir? ¡Hablemos!

Recrea Construction Riviera Maya",2026-03-13T05:37:22.619481
High,broker,True,True,False,Caribbean Capital,,,+52 984 157 8159,http://caribbeancapital.mx/,Tulum,Quintana Roo,Mexico,"Av. Coba Norte S/N, Tulum Centro, 77760 Tulum, Q.R., México",Agencia inmobiliaria,real-estate,5,10,,Google Maps,https://www.google.com/maps/search/?api=1&query=Caribbean%20Capital&query_place_id=ChIJO9zT0ujRT48ROJuCPb-hucA,,WhatsApp +52 984 157 8159 — offer referral commission,"Hola Caribbean Capital,

Soy de Recrea Construction, empresa constructora en Tulum y la Riviera Maya.

Te invitamos a nuestro programa de referidos: por cada cliente que construya con nosotros te damos una COMISIÓN COMPETITIVA.

✅ Comisión atractiva ✅ Residencial/comercial/hoteles boutique ✅ Experiencia comprobada

¿Tienes clientes que buscan construir? ¡Hablemos!

Recrea Construction Riviera Maya",2026-03-13T05:37:22.619489
High,broker,True,False,False,PLAYA REALTORS ® Real Estate Agency - Tulum-Bacalar-Mahahual,,,(954) 799-4141,http://www.playarealtors.co/,Tulum,Quintana Roo,Mexico,"5th Avenue and 12th street, Building- Holistika, Lote Nequen, La Veleta, 77765 Tulum, Q.R., México",Agencia inmobiliaria,real-estate,5,6,,Google Maps,https://www.google.com/maps/search/?api=1&query=PLAYA%20REALTORS%20%C2%AE%20Real%20Estate%20Agency%20-%20Tulum-Bacalar-Mahahual&query_place_id=ChIJF4CeIkDXT48RLePYsWM2q9I,,WhatsApp (954) 799-4141 — offer referral commission,"Hola PLAYA REALTORS ® Real Estate Agency - Tulum-Bacalar-Mahahual,

Soy de Recrea Construction, empresa constructora en Tulum y la Riviera Maya.

Te invitamos a nuestro programa de referidos: por cada cliente que construya con nosotros te damos una COMISIÓN COMPETITIVA.

✅ Comisión atractiva ✅ Residencial/comercial/hoteles boutique ✅ Experiencia comprobada

¿Tienes clientes que buscan construir? ¡Hablemos!

Recrea Construction Riviera Maya",2026-03-13T05:37:22.619500
High,broker,True,False,False,REMAX Mazal Realty Tulum,,,+52 984 210 9239,http://remax-mazalrealty.mx/,Tulum,Quintana Roo,Mexico,"Av. Coba Sur, Tulum Centro, Col Huracanes, 77760 Tulum, Q.R., México",Agencia de bienes inmuebles comerciales,,4.9,77,,Google Maps,https://www.google.com/maps/search/?api=1&query=REMAX%20Mazal%20Realty%20Tulum&query_place_id=ChIJK7zNQUvRT48RFjbKOIlaGhg,,WhatsApp +52 984 210 9239 — offer referral commission,"Hola REMAX Mazal Realty Tulum,

Soy de Recrea Construction, empresa constructora en Tulum y la Riviera Maya.

Te invitamos a nuestro programa de referidos: por cada cliente que construya con nosotros te damos una COMISIÓN COMPETITIVA.

✅ Comisión atractiva ✅ Residencial/comercial/hoteles boutique ✅ Experiencia comprobada

¿Tienes clientes que buscan construir? ¡Hablemos!

Recrea Construction Riviera Maya",2026-03-13T05:37:22.619510
High,work,False,False,True,Residencial Bacalar,,,+52 998 706 8386,,,Quintana Roo,Mexico,"Supermanzana 19, 77505 Cancún, Q.R., México",Complejo de apartamentos,,5,5,,Google Maps,https://www.google.com/maps/search/?api=1&query=Residencial%20Bacalar&query_place_id=ChIJBeEmVzgrTI8R9UO9x4Dmd_w,,Call +52 998 706 8386 — ask about construction needs,"Hola Residencial Bacalar,

Somos Recrea Construction en Riviera Maya. Vimos su proyecto y queremos presentar una propuesta de construcción.

🔨 Presupuesto sin costo ✅ Acabados premium ✅ Plazos garantizados ✅ Permisos incluidos

¿Agendamos una visita?

Recrea Construction Riviera Maya",2026-03-13T05:37:22.619523
High,broker,True,False,False,MIROH MASTER BROKER,,,+52 984 270 0126,http://www.mirohmasterbroker.com/,Tulum,Quintana Roo,Mexico,"Calle Itzamná norte, Aldea Zama Nº 01, 77760 Tulum, Q.R., México",Agencia inmobiliaria,real-estate,4.7,15,,Google Maps,https://www.google.com/maps/search/?api=1&query=MIROH%20MASTER%20BROKER&query_place_id=ChIJsV7XllTRT48R6BpToxwuxdo,,WhatsApp +52 984 270 0126 — offer referral commission,"Hola MIROH MASTER BROKER,

Soy de Recrea Construction, empresa constructora en Tulum y la Riviera Maya.

Te invitamos a nuestro programa de referidos: por cada cliente que construya con nosotros te damos una COMISIÓN COMPETITIVA.

✅ Comisión atractiva ✅ Residencial/comercial/hoteles boutique ✅ Experiencia comprobada

¿Tienes clientes que buscan construir? ¡Hablemos!

Recrea Construction Riviera Maya",2026-03-13T05:37:22.619532
High,broker,True,False,False,GMB Gama Master Broker,,,+52 984 267 3242,https://gmb.com.mx/,Tulum,Quintana Roo,Mexico,"Calle Neptuno, Av. Coba Mz. 2-Lt.2, Sur, 77760 Tulum, Q.R., México",Agencia de bienes inmuebles comerciales,,3.8,67,,Google Maps,https://www.google.com/maps/search/?api=1&query=GMB%20Gama%20Master%20Broker&query_place_id=ChIJsbEjECtDTo8RZ96ssk6pCs4,,WhatsApp +52 984 267 3242 — offer referral commission,"Hola GMB Gama Master Broker,

Soy de Recrea Construction, empresa constructora en Tulum y la Riviera Maya.

Te invitamos a nuestro programa de referidos: por cada cliente que construya con nosotros te damos una COMISIÓN COMPETITIVA.

✅ Comisión atractiva ✅ Residencial/comercial/hoteles boutique ✅ Experiencia comprobada

¿Tienes clientes que buscan construir? ¡Hablemos!

Recrea Construction Riviera Maya",2026-03-13T05:37:22.619541
High,broker,True,False,False,Coldwell Banker Equity - Riviera Maya Real Estate,,,+52 984 182 3007,http://equity.coldwellbanker.com.mx/,Tulum,Quintana Roo,Mexico,"Carretera federal TLM PCN L5, Villas, 77764 Tulum, Q.R., México",Tasador inmobiliario,real-estate,5,3,,Google Maps,https://www.google.com/maps/search/?api=1&query=Coldwell%20Banker%20Equity%20-%20Riviera%20Maya%20Real%20Estate&query_place_id=ChIJvwqEw0vY-IQRGR-26PYjtnc,,WhatsApp +52 984 182 3007 — offer referral commission,"Hola Coldwell Banker Equity - Riviera Maya Real Estate,

Soy de Recrea Construction, empresa constructora en Tulum y la Riviera Maya.

Te invitamos a nuestro programa de referidos: por cada cliente que construya con nosotros te damos una COMISIÓN COMPETITIVA.

✅ Comisión atractiva ✅ Residencial/comercial/hoteles boutique ✅ Experiencia comprobada

¿Tienes clientes que buscan construir? ¡Hablemos!

Recrea Construction Riviera Maya",2026-03-13T05:37:22.619550
High,broker,True,False,False,Highline México - Real Estate / Inmobiliaria,,,+52 998 559 0044,http://www.highlinemexico.com/,Tulum,Quintana Roo,Mexico,"Central Park, Los Amigos, Calle 1 Pte. Supermanzana 15 entre 16 sur y palenque, La Veleta, 77760 Tulum, Q.R., México",Agencia inmobiliaria,real-estate,4.9,51,,Google Maps,https://www.google.com/maps/search/?api=1&query=Highline%20M%C3%A9xico%20-%20Real%20Estate%20%2F%20Inmobiliaria&query_place_id=ChIJjaqFU8rXT48RNSlwR0WlVew,,WhatsApp +52 998 559 0044 — offer referral commission,"Hola Highline México - Real Estate / Inmobiliaria,

Soy de Recrea Construction, empresa constructora en Tulum y la Riviera Maya.

Te invitamos a nuestro programa de referidos: por cada cliente que construya con nosotros te damos una COMISIÓN COMPETITIVA.

✅ Comisión atractiva ✅ Residencial/comercial/hoteles boutique ✅ Experiencia comprobada

¿Tienes clientes que buscan construir? ¡Hablemos!

Recrea Construction Riviera Maya",2026-03-13T05:37:22.619560
High,work,False,False,True,Riviera Tulum Residencial,,,+52 984 871 2819,https://www.rivieratulum.com/,Tulum,Quintana Roo,Mexico,"C. Palma Manzana .19 Lote 20, Residencial Riviera, 77760 Tulum, Q.R., México",Urbanización privada,,4.4,98,,Google Maps,https://www.google.com/maps/search/?api=1&query=Riviera%20Tulum%20Residencial&query_place_id=ChIJMQrjoQPUT48RO6tLo1eUfnU,,Call +52 984 871 2819 — ask about construction needs,"Hola Riviera Tulum Residencial,

Somos Recrea Construction en Tulum. Vimos su proyecto y queremos presentar una propuesta de construcción.

🔨 Presupuesto sin costo ✅ Acabados premium ✅ Plazos garantizados ✅ Permisos incluidos

¿Agendamos una visita?

Recrea Construction Riviera Maya",2026-03-13T05:37:22.619570
High,general,False,False,False,Construhome Mx,,,+52 998 102 5485,https://construhome-mx.ueniweb.com/?utm_campaign=gmb,,Quintana Roo,Mexico,"233 Mz:84 Lt:3, 77510 Cancún, Q.R., México",Empresa constructora,construction,5,2,,Google Maps,https://www.google.com/maps/search/?api=1&query=Construhome%20Mx&query_place_id=ChIJX_7HNPotTI8Ru0727l92h-I,,Call +52 998 102 5485,"Hola Construhome Mx,

Soy de Recrea Construction, empresa constructora en Riviera Maya y la Riviera Maya.

Te invitamos a nuestro programa de referidos: por cada cliente que construya con nosotros te damos una COMISIÓN COMPETITIVA.

✅ Comisión atractiva ✅ Residencial/comercial/hoteles boutique ✅ Experiencia comprobada

¿Tienes clientes que buscan construir? ¡Hablemos!

Recrea Construction Riviera Maya",2026-03-13T05:37:22.619582
High,broker,True,True,False,Frank Ruiz Realty Group – Real Estate Investments in Playa del Carmen & Riviera Maya,,,+52 984 801 0177,https://frankruizrealtygroup.com/,Playa del Carmen,Quintana Roo,Mexico,"40 Avenida Sur esq. 3 Sur Centro, 77710 Playa del Carmen, Q.R., México",Agencia inmobiliaria,"real-estate, investor",5,18,,Google Maps,https://www.google.com/maps/search/?api=1&query=Frank%20Ruiz%20Realty%20Group%20%E2%80%93%20Real%20Estate%20Investments%20in%20Playa%20del%20Carmen%20%26%20Riviera%20Maya&query_place_id=ChIJF4VDASxDTo8RW56ZusLCTPA,,WhatsApp +52 984 801 0177 — offer referral commission,"Hola Frank Ruiz Realty Group – Real Estate Investments in Playa del Carmen & Riviera Maya,

Soy de Recrea Construction, empresa constructora en Playa del Carmen y la Riviera Maya.

Te invitamos a nuestro programa de referidos: por cada cliente que construya con nosotros te damos una COMISIÓN COMPETITIVA.

✅ Comisión atractiva ✅ Residencial/comercial/hoteles boutique ✅ Experiencia comprobada

¿Tienes clientes que buscan construir? ¡Hablemos!

Recrea Construction Riviera Maya",2026-03-13T05:37:22.619594
High,broker,True,False,False,Cancun Real Estate,,,+52 998 127 1820,https://cancunrealestate.agency/,,Quintana Roo,Mexico,"La Costa 116, 77509 Cancún, Q.R., México",Agencia inmobiliaria,real-estate,4.6,24,,Google Maps,https://www.google.com/maps/search/?api=1&query=Cancun%20Real%20Estate&query_place_id=ChIJDWHv-fQrTI8RRLKl16nHi-w,,WhatsApp +52 998 127 1820 — offer referral commission,"Hola Cancun Real Estate,

Soy de Recrea Construction, empresa constructora en Riviera Maya y la Riviera Maya.

Te invitamos a nuestro programa de referidos: por cada cliente que construya con nosotros te damos una COMISIÓN COMPETITIVA.

✅ Comisión atractiva ✅ Residencial/comercial/hoteles boutique ✅ Experiencia comprobada

¿Tienes clientes que buscan construir? ¡Hablemos!

Recrea Construction Riviera Maya",2026-03-13T05:37:22.619606
High,general,False,False,False,Construcciones Integrales Playa,,,+52 998 215 4578,,,Quintana Roo,Mexico,"Fracc. Paseos del Mar, 77519 Ave. Isla Haiti M 88 L1 Edif D n. 303, Supermanzana 251, 77519 Cancún, Q.R., México",Constructor,construction,5,5,,Google Maps,https://www.google.com/maps/search/?api=1&query=Construcciones%20Integrales%20Playa&query_place_id=ChIJfY8OlCDTTY8RJbkrqqS09BQ,,Call +52 998 215 4578,"Hola Construcciones Integrales Playa,

Soy de Recrea Construction, empresa constructora en Riviera Maya y la Riviera Maya.

Te invitamos a nuestro programa de referidos: por cada cliente que construya con nosotros te damos una COMISIÓN COMPETITIVA.

✅ Comisión atractiva ✅ Residencial/comercial/hoteles boutique ✅ Experiencia comprobada

¿Tienes clientes que buscan construir? ¡Hablemos!

Recrea Construction Riviera Maya",2026-03-13T05:37:22.619624
Medium,general,False,False,False,Ku Mahahual,,,+52 983 154 7750,https://kumahahual.com/,Mahahual,Quintana Roo,Mexico,"Maiz, 77976 Mahahual, Q.R., México",Urbanización,,,,,Google Maps,https://www.google.com/maps/search/?api=1&query=Ku%20Mahahual&query_place_id=ChIJ23kSLJYnW48RvlCv5hSbicI,,Call +52 983 154 7750,"Hola Ku Mahahual,

Soy de Recrea Construction, empresa constructora en Mahahual y la Riviera Maya.

Te invitamos a nuestro programa de referidos: por cada cliente que construya con nosotros te damos una COMISIÓN COMPETITIVA.

✅ Comisión atractiva ✅ Residencial/comercial/hoteles boutique ✅ Experiencia comprobada

¿Tienes clientes que buscan construir? ¡Hablemos!

Recrea Construction Riviera Maya",2026-03-13T05:37:22.619632
Medium,general,False,False,False,Mayahual La Joya del Caribe,,,+52 998 130 5188,http://www.mayahual.com/,,Quintana Roo,Mexico,"Q895+FW, 77977 Puerto Bravo, Q.R., México",Urbanización,,5,9,,Google Maps,https://www.google.com/maps/search/?api=1&query=Mayahual%20La%20Joya%20del%20Caribe&query_place_id=ChIJnRTL8BgpW48RNMM6HgAKYKc,,Call +52 998 130 5188,"Hola Mayahual La Joya del Caribe,

Soy de Recrea Construction, empresa constructora en Riviera Maya y la Riviera Maya.

Te invitamos a nuestro programa de referidos: por cada cliente que construya con nosotros te damos una COMISIÓN COMPETITIVA.

✅ Comisión atractiva ✅ Residencial/comercial/hoteles boutique ✅ Experiencia comprobada

¿Tienes clientes que buscan construir? ¡Hablemos!

Recrea Construction Riviera Maya",2026-03-13T05:37:22.619645
High,general,False,False,False,Constructora en Cancún,,,+52 998 884 8439,https://constructorasencancun.com/,,Quintana Roo,Mexico,"Boulevard Kukulkán Sn, Villas Quintana Roo, 77500 Cancún, Q.R., México",Empresa constructora,construction,,,,Google Maps,https://www.google.com/maps/search/?api=1&query=Constructora%20en%20Canc%C3%BAn&query_place_id=ChIJq18R00crTI8RNiU3_W2r9GI,,Call +52 998 884 8439,"Hola Constructora en Cancún,

Soy de Recrea Construction, empresa constructora en Riviera Maya y la Riviera Maya.

Te invitamos a nuestro programa de referidos: por cada cliente que construya con nosotros te damos una COMISIÓN COMPETITIVA.

✅ Comisión atractiva ✅ Residencial/comercial/hoteles boutique ✅ Experiencia comprobada

¿Tienes clientes que buscan construir? ¡Hablemos!

Recrea Construction Riviera Maya",2026-03-13T05:37:22.619659
Low,broker,True,False,False,Sur Selecto,,,,http://www.surselecto.com/,Playa del Carmen,Quintana Roo,Mexico,"EDIFICIO HUMANA, Av. P.º Central 14-LOCAL 106, Ejidal, 77712 Playa del Carmen, Q.R., México",Agencia de bienes inmuebles comerciales,,5,61,,Google Maps,https://www.google.com/maps/search/?api=1&query=Sur%20Selecto&query_place_id=ChIJO-uydPjg-00RFcSNK4SdxFY,,Find contact for commission offer,"Hola Sur Selecto,

Soy de Recrea Construction, empresa constructora en Playa del Carmen y la Riviera Maya.

Te invitamos a nuestro programa de referidos: por cada cliente que construya con nosotros te damos una COMISIÓN COMPETITIVA.

✅ Comisión atractiva ✅ Residencial/comercial/hoteles boutique ✅ Experiencia comprobada

¿Tienes clientes que buscan construir? ¡Hablemos!

Recrea Construction Riviera Maya",2026-03-13T05:37:22.619687
High,broker,True,False,False,Riviera Maya Real Estate Group,,,+52 984 217 1713,https://www.rivieramayarealestategroup.com/,Playa del Carmen,Quintana Roo,Mexico,"Local #3 10th Avenida y, Calle 14 Nte, Centro, 77710 Playa del Carmen, Q.R., México",Agencia inmobiliaria,real-estate,5,3,,Google Maps,https://www.google.com/maps/search/?api=1&query=Riviera%20Maya%20Real%20Estate%20Group&query_place_id=ChIJZyzMEXpdTo8RiLCqP7LyRpg,,WhatsApp +52 984 217 1713 — offer referral commission,"Hola Riviera Maya Real Estate Group,

Soy de Recrea Construction, empresa constructora en Playa del Carmen y la Riviera Maya.

Te invitamos a nuestro programa de referidos: por cada cliente que construya con nosotros te damos una COMISIÓN COMPETITIVA.

✅ Comisión atractiva ✅ Residencial/comercial/hoteles boutique ✅ Experiencia comprobada

¿Tienes clientes que buscan construir? ¡Hablemos!

Recrea Construction Riviera Maya",2026-03-13T05:37:22.619699
High,broker,True,False,False,Select Realty Mexico,,,+52 984 179 8042,http://selectrealtymexico.com/,Playa del Carmen,Quintana Roo,Mexico,"Plaza Paraiso, Ave. 10 Sur y calle 7 diagonal Sur, Local 37, 77710 Playa del Carmen, Q.R., México",Agentes inmobiliarios,real-estate,4.5,22,,Google Maps,https://www.google.com/maps/search/?api=1&query=Select%20Realty%20Mexico&query_place_id=ChIJ4RqL9jtDTo8R2Azl6nV_eNc,,WhatsApp +52 984 179 8042 — offer referral commission,"Hola Select Realty Mexico,

Soy de Recrea Construction, empresa constructora en Playa del Carmen y la Riviera Maya.

Te invitamos a nuestro programa de referidos: por cada cliente que construya con nosotros te damos una COMISIÓN COMPETITIVA.

✅ Comisión atractiva ✅ Residencial/comercial/hoteles boutique ✅ Experiencia comprobada

¿Tienes clientes que buscan construir? ¡Hablemos!

Recrea Construction Riviera Maya",2026-03-13T05:37:22.619708
