leadScore,leadType,isBroker,isInvestor,isWorkOpportunity,businessName,contactName,email,phone,website,city,state,country,address,category,tags,rating,reviewCount,description,source,googleMapsUrl,listingUrl,notes,commissionPitch,scrapedAt
Medium,general,false,false,false,Viva Wyndham Maya,,,,,Playa del Carmen,Quintana Roo,Mexico,,Hotel,"hospitality, openstreetmap",,0,,OpenStreetMap,"https://maps.google.com/?q=20.6068661,-87.0898595",https://www.openstreetmap.org/node/276198795,Visit Google Maps listing to get contact info,"Hola Viva Wyndham Maya, espero que estén teniendo un excelente día en Playa del Carmen. Me dirijo a ustedes porque somos una empresa de construcción premium en la Riviera Maya y nos gustaría explorar oportunidades de colaboración con su establecimiento hotelero. En Recrea Construction, ofrecemos servicios de construcción y remodelación de alta calidad, diseñados para satisfacer las necesidades únicas de nuestros clientes. Me encantaría discutir cómo podemos apoyar a Viva Wyndham Maya en sus proyectos de construcción o remodelación. ¿Podríamos programar una reunión o conversar por WhatsApp para explorar oportunidades de colaboración? Estoy a su disposición. Recrea Construction Riviera Maya",2026-03-14T01:29:04.427Z
Medium,general,false,false,false,Viva Wyndham Azteca,,,,,Playa del Carmen,Quintana Roo,Mexico,,Hotel,"hospitality, openstreetmap",,0,,OpenStreetMap,"https://maps.google.com/?q=20.6107871,-87.0870982",https://www.openstreetmap.org/node/276201829,Visit Google Maps listing to get contact info,"Hola Viva Wyndham Azteca, espero que estén teniendo un excellent día en Playa del Carmen. Me dirijo a ustedes porque entendemos que como hotel en la zona, es importante contar con espacios y estructuras de alta calidad. En Recrea Construction nos especializamos en ofrecer servicios de construcción premium en la Riviera Maya, desde diseño y planificación hasta la culminación de proyectos. Nos encantaría explorar cómo podemos ayudar a Viva Wyndham Azteca a mejorar o expandir sus instalaciones. ¿Podríamos programar una reunión para discutir más a fondo nuestras opciones? Estoy disponible para charlar por WhatsApp si lo prefiere. 

Recrea Construction Riviera Maya",2026-03-14T01:29:05.318Z
Medium,general,false,false,false,Hotel Cozumel & Resort,,,,,Cozumel,Quintana Roo,Mexico,,Hotel,"hospitality, openstreetmap",,0,,OpenStreetMap,"https://maps.google.com/?q=20.498737,-86.9608819",https://www.openstreetmap.org/node/365296637,Visit Google Maps listing to get contact info,"Hola equipo de Hotel Cozumel & Resort, espero que estén bien. Me dirijo a ustedes desde Recrea Construction, una empresa de construcción premium con sede en la Riviera Maya, México. Entendemos que en Cozumel, la demanda de infraestructura de alta calidad es constante y creciente. En Recrea Construction, nos especializamos en ofrecer servicios de construcción personalizados y de alta calidad, desde diseño hasta entrega de proyectos. Nos encantaría explorar cómo podemos ayudar a Hotel Cozumel & Resort a ampliar o mejorar sus instalaciones. ¿Les gustaría agendar una reunión o conversar un poco más sobre nuestros servicios vía WhatsApp? 

Recrea Construction Riviera Maya",2026-03-14T01:29:06.549Z
Medium,general,false,false,false,coco limited,,,,,Tulum,Quintana Roo,Mexico,,Hotel,"hospitality, openstreetmap",,0,,OpenStreetMap,"https://maps.google.com/?q=20.1607593,-87.4541626",https://www.openstreetmap.org/node/368844891,Visit Google Maps listing to get contact info,"Hola Coco Limited, espero que estén bien en Tulum. Me dirijo a ustedes como representante de Recrea Construction, una empresa de construcción premium en la Riviera Maya. Entendemos que como propietarios de un hotel en esta hermosa región, es importante contar con servicios de construcción de alta calidad. En Recrea Construction, ofrecemos servicios personalizados para satisfacer las necesidades de nuestros clientes, desde diseño hasta entrega de proyectos. Me gustaría saber más sobre sus necesidades actuales y cómo podemos apoyarlos. ¿Podríamos conversar más a fondo sobre esto vía WhatsApp o en una reunión en su hotel en Tulum? Recrea Construction Riviera Maya",2026-03-14T01:29:07.490Z
Medium,general,false,false,false,El Cid,,,,,Cozumel,Quintana Roo,Mexico,,Hotel,"hospitality, openstreetmap",,0,,OpenStreetMap,"https://maps.google.com/?q=20.4801001,-86.9729891",https://www.openstreetmap.org/node/388350577,Visit Google Maps listing to get contact info,"Estimado El Cid, espero que esté bien. Me dirijo a usted desde Recrea Construction, una empresa de construcción premium en la Riviera Maya. Entendemos que como parte de El Cid | Hotel en Cozumel, usted busca siempre mejorar y expandir sus instalaciones para ofrecer la mejor experiencia a sus huéspedes. En Recrea Construction, ofrecemos servicios de construcción personalizados y de alta calidad que podrían ser de gran valor para su empresa. Me gustaría discutir cómo podemos ayudar a El Cid | Hotel a alcanzar sus objetivos. ¿Podríamos programar una reunión o conversar más a fondo por WhatsApp? 

Recrea Construction Riviera Maya",2026-03-14T01:29:08.671Z
Medium,general,false,false,false,Hotel Barracuda,,,,,Cozumel,Quintana Roo,Mexico,,Hotel,"hospitality, openstreetmap",,0,,OpenStreetMap,"https://maps.google.com/?q=20.5057214,-86.9570633",https://www.openstreetmap.org/node/388350615,Visit Google Maps listing to get contact info,"Hola Hotel Barracuda, espero que se encuentren bien en Cozumel. Me dirijo a ustedes porque entendemos que como establecimiento hotelero, es importante mantener y mejorar sus instalaciones para ofrecer la mejor experiencia a sus huéspedes. En Recrea Construction, nos especializamos en ofrecer servicios de construcción de alta calidad en la Riviera Maya, desde remodelaciones hasta proyectos nuevos. Nos encantaría explorar cómo podemos ayudar a Hotel Barracuda a alcanzar sus objetivos. ¿Podríamos agendar una reunión para discutir más a fondo cómo podemos colaborar? O si lo prefiere, podemos conversar por WhatsApp para empezar. 

Recrea Construction Riviera Maya",2026-03-14T01:29:09.653Z
High,work,false,false,true,Villablanca Garden Beach Hotel,,info@villablanca.net,+52 987 872 0730,https://villablanca.net/,Cozumel,Quintana Roo,Mexico,,Hotel,"hospitality, openstreetmap",,0,,OpenStreetMap,"https://maps.google.com/?q=20.4880192,-86.9680045",https://www.openstreetmap.org/node/401626508,Email info@villablanca.net — offer construction quote for their project,"Hola Villablanca Garden Beach Hotel, espero que todo esté saliendo bien con su proyecto en Cozumel. Me dirijo a ustedes porque Recrea Construction Riviera Maya tiene una larga trayectoria de entrega de proyectos de construcción de alta calidad en la región. Me gustaría ofrecerles una cotización gratuita y personalizada para su proyecto, adaptada a las necesidades específicas de su hotel. Si están interesados, podemos discutir los detalles a través de WhatsApp o en una reunión en su ubicación. Por favor, no duden en hacerme saber si necesitan algo. Recrea Construction Riviera Maya",2026-03-14T01:29:10.805Z
Medium,general,false,false,false,Casa Tucan,,,,http://www.casatucan.de/,Playa del Carmen,Quintana Roo,Mexico,,Hotel,"hospitality, openstreetmap",,0,,OpenStreetMap,"https://maps.google.com/?q=20.624801,-87.0754026",https://www.openstreetmap.org/node/604986452,Visit http://www.casatucan.de/ and find contact form,"Hola Casa Tucan, espero que estén bien en Playa del Carmen. Me dirijo a ustedes porque entendemos que como hotel en la zona, es importante contar con infraestructura de alta calidad. En Recrea Construction, ofrecemos servicios de construcción premium en la Riviera Maya, desde diseño hasta entrega de proyectos. Nos encantaría explorar cómo podemos apoyar a Casa Tucan en sus necesidades de construcción. ¿Les gustaría discutir un poco más sobre cómo podemos ayudar? Pueden responder a este mensaje de WhatsApp o podemos programar una reunión en su conveniencia. Recrea Construction Riviera Maya",2026-03-14T01:29:11.636Z
Medium,general,false,false,false,Posada Mawimbi,,,,,Holbox,Quintana Roo,Mexico,,Hotel,"hospitality, openstreetmap",,0,,OpenStreetMap,"https://maps.google.com/?q=21.5258994,-87.377658",https://www.openstreetmap.org/node/662487373,Visit Google Maps listing to get contact info,"Hola Posada Mawimbi, espero que esté bien. Me dirijo a usted desde Recrea Construction, una empresa de construcción premium en la Riviera Maya. Entendemos que como gerente de Posada Mawimbi | Hotel en Holbox, siempre busca la excelencia en los proyectos de construcción y remodelación. Nuestros servicios van desde la construcción de hoteles y residencias de lujo hasta la remodelación y diseño de interiores. Me gustaría conversar con usted sobre cómo podemos ayudar a Posada Mawimbi a alcanzar sus objetivos. ¿Podríamos hablar por WhatsApp o programar una reunión para discutir más a fondo? 

Recrea Construction Riviera Maya",2026-03-14T01:29:12.470Z
Medium,general,false,false,false,Los Lirios,,,,http://www.loslirioshotel.com/,Tulum,Quintana Roo,Mexico,,Hotel,"hospitality, openstreetmap",,0,,OpenStreetMap,"https://maps.google.com/?q=20.1555292,-87.4561661",https://www.openstreetmap.org/node/674297671,Visit http://www.loslirioshotel.com/ and find contact form,"Hola Los Lirios, espero que estén bien en Tulum. Me dirijo a ustedes porque entendemos que como hotel en la zona, es importante mantener y mejorar sus instalaciones para ofrecer la mejor experiencia a sus huéspedes. En Recrea Construction, nos especializamos en ofrecer servicios de construcción de alta calidad en la Riviera Maya. Nos encantaría explorar cómo podemos apoyar a Los Lirios | Hotel en sus proyectos de construcción y remodelación. ¿Les gustaría discutir más sobre nuestros servicios vía WhatsApp o reunirnos en Tulum para conversar sobre cómo podemos ayudarles? 

Recrea Construction Riviera Maya",2026-03-14T01:29:13.315Z
Medium,general,false,false,false,Fiesta Banana,,fiestaba@prodigy.net.mx,9848030201,https://hotelbanana.net/,Playa del Carmen,Quintana Roo,Mexico,,Hotel,"hospitality, openstreetmap",,0,,OpenStreetMap,"https://maps.google.com/?q=20.6335136,-87.0676056",https://www.openstreetmap.org/node/833661728,Send intro email to fiestaba@prodigy.net.mx,"Hola Fiesta Banana, espero que estés bien. Me dirijo a ti desde Recrea Construction, una empresa de construcción premium con presencia en la Riviera Maya. Entiendo que como parte del equipo de Fiesta Banana | Hotel en Playa del Carmen, debes estar atento a las oportunidades de crecimiento y desarrollo en el sector inmobiliario y de construcción. En Recrea Construction, ofrecemos servicios de construcción personalizados y de alta calidad, desde diseño hasta entrega de proyectos. Me gustaría conversar contigo sobre cómo podemos apoyar tus necesidades de construcción. ¿Podríamos agendar una reunión o conversar por WhatsApp para explorar oportunidades de colaboración? Recrea Construction Riviera Maya",2026-03-14T01:29:14.353Z
High,work,false,false,true,Quinta Palmera Hotel Boutique,,info@hotelquintapalmera.com,9848035007,http://www.quintapalmera.com,Playa del Carmen,Quintana Roo,Mexico,,Hotel,"hospitality, openstreetmap",,0,,OpenStreetMap,"https://maps.google.com/?q=20.6330466,-87.0679087",https://www.openstreetmap.org/node/846187843,Email info@hotelquintapalmera.com — offer construction quote for their project,"Hola Quinta Palmera Hotel Boutique, espero que todo esté saliendo bien con su proyecto de construcción en Playa del Carmen. Me dirijo a usted porque en Recrea Construction nos especializamos en brindar servicios de construcción de alta calidad en la Riviera Maya. Me gustaría ofrecerle una cotización gratuita y personalizada para su proyecto, para que puedan comparar nuestros servicios y precios. ¿Le gustaría discutir más a fondo sobre cómo podemos ayudarles? Puede responder a este mensaje de WhatsApp o podemos programar una reunión en su hotel boutique. Estoy a su disposición. Recrea Construction Riviera Maya",2026-03-14T01:29:15.149Z
Medium,general,false,false,false,D' Angelos,,dangeloshotel@gmail.com,9848033839,http://www.dangeloshotel.com.mx,Playa del Carmen,Quintana Roo,Mexico,,Hotel,"hospitality, openstreetmap",,0,,OpenStreetMap,"https://maps.google.com/?q=20.6349373,-87.066399",https://www.openstreetmap.org/node/846187849,Send intro email to dangeloshotel@gmail.com,"Hola D' Angelos, espero que esté bien. Me dirijo a usted desde Recrea Construction, una empresa de construcción premium con presencia en la Riviera Maya. Entendemos que como propietario de D' Angelos | Hotel en Playa del Carmen, busca siempre ofrecer la mejor experiencia a sus clientes. En Recrea Construction, nos especializamos en proyectos de construcción y remodelación de alta calidad, que podrían ser de interés para su negocio. Me gustaría conversar con usted sobre cómo podemos ayudar a D' Angelos | Hotel a mejorar o expandir sus instalaciones. ¿Podríamos agendar una reunión o conversar por WhatsApp para explorar oportunidades? 

Recrea Construction Riviera Maya",2026-03-14T01:29:15.920Z
Medium,general,false,false,false,Castillo Del Mar,,cdelmar2002@prodigy.net.mx,9848032508,http://www.hotelesdemar.com.mx,Playa del Carmen,Quintana Roo,Mexico,,Hotel,"hospitality, openstreetmap",,0,,OpenStreetMap,"https://maps.google.com/?q=20.6319747,-87.0686236",https://www.openstreetmap.org/node/851946858,Send intro email to cdelmar2002@prodigy.net.mx,"Hola Castillo Del Mar, espero que esté bien. Me dirijo a usted desde Recrea Construction, una empresa de construcción premium con presencia en la Riviera Maya. Entendemos que como parte del equipo de Castillo Del Mar | Hotel en Playa del Carmen, está involucrado en proyectos de construcción y desarrollo inmobiliario. Nosotros ofrecemos servicios de construcción personalizados y de alta calidad, desde diseño hasta entrega de llaves. Me gustaría discutir cómo podemos apoyar sus proyectos actuales o futuros. ¿Podríamos conversar un poco más sobre esto vía WhatsApp o perhaps en una reunión en Playa del Carmen? Recrea Construction Riviera Maya",2026-03-14T01:29:16.610Z
Medium,general,false,false,false,Posada Mariposa,,info@posada-mariposa.com,9848733886,http://www.posada-mariposa.com,Playa del Carmen,Quintana Roo,Mexico,,Hotel,"hospitality, openstreetmap",,0,,OpenStreetMap,"https://maps.google.com/?q=20.6317465,-87.0687773",https://www.openstreetmap.org/node/851946874,Send intro email to info@posada-mariposa.com,"Hola Posada Mariposa, espero que esté bien. Me dirijo a usted desde Recrea Construction, una empresa de construcción premium con sede en la Riviera Maya. Entendemos que como hotel en Playa del Carmen, la búsqueda de servicios de construcción de alta calidad es fundamental para mantener y mejorar sus instalaciones. En Recrea Construction ofrecemos servicios de construcción personalizados, desde diseño hasta entrega de llaves, para satisfacer las necesidades únicas de su negocio. Me gustaría conversar sobre cómo podemos apoyar a Posada Mariposa | Hotel en sus proyectos de construcción. ¿Podríamos agendar una reunión o conversar por WhatsApp para explorar cómo podemos colaborar? Recrea Construction Riviera Maya",2026-03-14T01:29:17.410Z
High,work,false,false,true,El Patio Condohotel,,condohotelelpatio@tiscalinet.it,9848733886,http://www.condohotelelpatio.it,Playa del Carmen,Quintana Roo,Mexico,,Hotel,"hospitality, residential, openstreetmap",,0,,OpenStreetMap,"https://maps.google.com/?q=20.6320476,-87.0685517",https://www.openstreetmap.org/node/851946961,Email condohotelelpatio@tiscalinet.it — offer construction quote for their project,"Hola El Patio Condohotel, espero que se encuentren bien en Playa del Carmen. Me dirijo a ustedes porque entendemos que como desarrolladores de proyectos inmobiliarios, la búsqueda de los mejores socios para llevar a cabo sus visiones es crucial. En Recrea Construction, nos especializamos en ofrecer soluciones de construcción de alta calidad en la Riviera Maya. Nos gustaría ofrecerles una cotización gratuita y personalizada para su proyecto en curso. Si están interesados, podemos discutir los detalles a través de WhatsApp o programar una reunión en su conveniencia. Por favor, no duden en hacernos saber cómo podemos ayudar. Recrea Construction Riviera Maya",2026-03-14T01:29:18.498Z
Medium,general,false,false,false,Posada El Refugio,,,9848030988,,Playa del Carmen,Quintana Roo,Mexico,,Hotel,"hospitality, openstreetmap",,0,,OpenStreetMap,"https://maps.google.com/?q=20.6316842,-87.0686966",https://www.openstreetmap.org/node/851947120,Call 9848030988 — ask for decision maker,"Hola Posada El Refugio, espero que estén bien en Playa del Carmen. Me dirijo a ustedes porque nos gustaría explorar cómo podemos ayudar a su hotel a mantener su belleza y funcionalidad. En Recrea Construction, nos especializamos en ofrecer servicios de construcción y remodelación de alta calidad en la Riviera Maya. Nos encantaría saber más sobre sus proyectos actuales y futuros para ver cómo podemos colaborar. ¿Les gustaría discutir más a través de WhatsApp o reunirnos en persona para explorar cómo podemos ayudar a Posada El Refugio? Recrea Construction Riviera Maya",2026-03-14T01:29:19.620Z
Medium,general,false,false,false,Hacienda Mariposa,,info@posada-mariposa.com,9848794139,http://www.posada-mariposa.com,Playa del Carmen,Quintana Roo,Mexico,,Hotel,"hospitality, openstreetmap",,0,,OpenStreetMap,"https://maps.google.com/?q=20.6315538,-87.0690024",https://www.openstreetmap.org/node/851947157,Send intro email to info@posada-mariposa.com,"Hola Hacienda Mariposa, espero que estén teniendo un excelente día en Playa del Carmen. Me dirijo a ustedes porque nos gustaría presentar los servicios de Recrea Construction, una empresa de construcción premium en la Riviera Maya. Entendemos la importancia de contar con espacios de alta calidad para sus huéspedes y estamos aquí para ayudarles a lograrlo. Nuestros servicios van desde la construcción de hoteles y resorts hasta la renovación y diseño de interiores. Me encantaría tener la oportunidad de hablar con ustedes más a fondo sobre cómo podemos ayudar a Hacienda Mariposa. ¿Podríamos agendar una reunión o hablar por WhatsApp para discutir más detalles? 
Recrea Construction Riviera Maya",2026-03-14T01:29:20.245Z
Medium,general,false,false,false,Plaza del Sol,,,,,Playa del Carmen,Quintana Roo,Mexico,,Hotel,"hospitality, openstreetmap",,0,,OpenStreetMap,"https://maps.google.com/?q=20.630874,-87.0694456",https://www.openstreetmap.org/node/851947198,Visit Google Maps listing to get contact info,"Estimado Plaza del Sol, espero que se encuentre bien. Me dirijo a usted desde Recrea Construction, una empresa de construcción premium con presencia en la Riviera Maya. Entendemos que como parte del equipo de Plaza del Sol | Hotel en Playa del Carmen, está siempre en búsqueda de oportunidades para mejorar y expandir sus instalaciones. Nosotros ofrecemos servicios de construcción personalizados y de alta calidad que podrían ser de interés para su negocio. Me gustaría conversar con usted sobre cómo podemos ayudar a Plaza del Sol a alcanzar sus objetivos. ¿Podríamos agendar una reunión o conversar por WhatsApp para discutir más a fondo? 

Recrea Construction Riviera Maya",2026-03-14T01:29:21.138Z
Medium,general,false,false,false,Casa Ticul,,info@casaticul.com,9842673501,https://www.casaticul.com/,Playa del Carmen,Quintana Roo,Mexico,,Hotel,"hospitality, openstreetmap",,0,,OpenStreetMap,"https://maps.google.com/?q=20.6360241,-87.0657833",https://www.openstreetmap.org/node/852103457,Send intro email to info@casaticul.com,"Hola Casa Ticul, espero que estén teniendo un excelente día en Playa del Carmen. Me dirijo a ustedes porque entendemos que como parte del sector hotelero en la región, la calidad y el detalle en la construcción son fundamentales. En Recrea Construction, nos especializamos en ofrecer servicios de construcción premium en la Riviera Maya, diseñados para satisfacer las necesidades más exigentes de nuestros clientes. Nos encantaría explorar cómo podemos apoyar a Casa Ticul | Hotel en sus proyectos actuales o futuros. ¿Podríamos programar una reunión o intercambiar mensajes por WhatsApp para discutir más a fondo? 

Recrea Construction Riviera Maya",2026-03-14T01:29:21.955Z
Medium,general,false,false,false,Suites Las Quintas,,,9848730120,,Playa del Carmen,Quintana Roo,Mexico,,Hotel,"hospitality, openstreetmap",,0,,OpenStreetMap,"https://maps.google.com/?q=20.6255069,-87.0803582",https://www.openstreetmap.org/node/855100088,Call 9848730120 — ask for decision maker,"Hola Suites Las Quintas, espero que estén teniendo un excelente día en Playa del Carmen. Me dirijo a ustedes porque entendemos que como hotel en la zona, es importante contar con un socio de construcción confiable para cualquier proyecto de renovación o expansión. En Recrea Construction nos especializamos en brindar servicios de construcción de alta calidad en la Riviera Maya. Nos encantaría explorar cómo podemos apoyar a Suites Las Quintas en sus necesidades de construcción. ¿Les gustaría discutir más a fondo sobre cómo podemos ayudarles? Pueden responder a este mensaje de WhatsApp o programar una reunión con nosotros. 

Recrea Construction Riviera Maya",2026-03-14T01:29:22.899Z
Medium,general,false,false,false,La Tortuga Hotel & Spa,,info@hotellatortuga.com,9848731484,http://www.hotellatortuga.com,Playa del Carmen,Quintana Roo,Mexico,,Hotel,"hospitality, openstreetmap",,0,,OpenStreetMap,"https://maps.google.com/?q=20.6289133,-87.0719259",https://www.openstreetmap.org/node/857993414,Send intro email to info@hotellatortuga.com,"Estimado equipo de La Tortuga Hotel & Spa, espero que se encuentren bien en Playa del Carmen. Me dirijo a ustedes porque entendemos que como hotel en la Riviera Maya, es fundamental contar con instalaciones de alta calidad y mantenimiento para ofrecer la mejor experiencia a sus huéspedes. En Recrea Construction, ofrecemos servicios de construcción y remodelación premium, diseñados para satisfacer las necesidades específicas de la industria hotelera. Me gustaría conversar con ustedes sobre cómo podemos apoyar a La Tortuga Hotel & Spa en sus proyectos de construcción o remodelación. ¿Podríamos agendar una reunión o conversar por WhatsApp para explorar oportunidades de colaboración? Recrea Construction Riviera Maya",2026-03-14T01:29:24.082Z
Medium,general,false,false,false,El Campanario,,info@hotellasgolondrinas.com,+52 9848731139,https://www.hotellasgolondrinas.com/,Playa del Carmen,Quintana Roo,Mexico,,Hotel,"hospitality, openstreetmap",,0,,OpenStreetMap,"https://maps.google.com/?q=20.629118,-87.0731369",https://www.openstreetmap.org/node/857993418,Send intro email to info@hotellasgolondrinas.com,"Hola El Campanario, espero que esté bien. Me dirijo a usted desde Recrea Construction, una empresa de construcción premium en la Riviera Maya. Entendemos que como parte del equipo de El Campanario | Hotel en Playa del Carmen, está constantemente buscando formas de mejorar y expandir sus instalaciones. En Recrea, ofrecemos servicios de construcción personalizados y de alta calidad que podrían ser de gran valor para su negocio. Me gustaría tener la oportunidad de discutir cómo podemos apoyar a El Campanario en sus proyectos de construcción actuales y futuros. ¿Le gustaría agendar una reunión o conversar un poco más sobre esto a través de WhatsApp? 

Recrea Construction Riviera Maya",2026-03-14T01:29:25.095Z
Medium,general,false,false,false,Hacienda Maria Bonita,,mariabonitareservations@gmail.com,9848732049,https://www.hotelmariabonitariviera.com/,Playa del Carmen,Quintana Roo,Mexico,,Hotel,"hospitality, openstreetmap",,0,,OpenStreetMap,"https://maps.google.com/?q=20.6278059,-87.0726679",https://www.openstreetmap.org/node/857993427,Send intro email to mariabonitareservations@gmail.com,"Hola Hacienda Maria Bonita, espero que estén bien en Playa del Carmen. Me dirijo a ustedes porque entendemos que como hotel, la calidad y el lujo son fundamentales para ofrecer una experiencia única a sus huéspedes. En Recrea Construction, nos especializamos en construcción de alta gama en la Riviera Maya y nos encantaría explorar cómo podemos ayudar a Hacienda Maria Bonita a mejorar o expandir sus instalaciones. ¿Le gustaría discutir algunas ideas vía WhatsApp o reunirse para conocer más sobre nuestros servicios? Estamos aquí para ayudar. Recrea Construction Riviera Maya",2026-03-14T01:29:26.002Z
Medium,general,false,false,false,Posada Papagayo,,posadapapagayo@hotmail.com,+52 984 873 2497,,Playa del Carmen,Quintana Roo,Mexico,,Hotel,"hospitality, openstreetmap",,0,,OpenStreetMap,"https://maps.google.com/?q=20.625746,-87.0754957",https://www.openstreetmap.org/node/857993433,Send intro email to posadapapagayo@hotmail.com,"Hola Posada Papagayo, espero que esté bien. Me dirijo a usted desde Recrea Construction, una empresa de construcción premium con sede en la Riviera Maya. Entendemos que como hotel en Playa del Carmen, la calidad y el detalle son fundamentales para ofrecer una experiencia excepcional a sus huéspedes. En Recrea Construction, ofrecemos servicios de construcción personalizados y de alta calidad, desde diseño hasta entrega de proyectos. Me gustaría conocer más sobre sus necesidades y objetivos, y explorar cómo podemos ayudar a Posada Papagayo a mejorar o expandir sus instalaciones. ¿Podríamos programar una reunión o conversar por WhatsApp para discutir más a fondo? Recrea Construction Riviera Maya",2026-03-14T01:29:26.837Z
Medium,general,false,false,false,Hacienda Real del Caribe,,info@hotelhaciendarealdelcaribe.com,9848030487,https://www.hotelhaciendarealdelcaribe.com/,Playa del Carmen,Quintana Roo,Mexico,,Hotel,"hospitality, openstreetmap",,0,,OpenStreetMap,"https://maps.google.com/?q=20.6272636,-87.0729527",https://www.openstreetmap.org/node/857993444,Send intro email to info@hotelhaciendarealdelcaribe.com,"Hola Hacienda Real del Caribe, espero que se encuentren bien en Playa del Carmen. Me dirijo a ustedes porque creo que nuestros servicios de construcción premium en la Riviera Maya podrían ser de gran valor para su hotel. En Recrea Construction nos especializamos en proyectos personalizados y de alta calidad, desde diseño hasta entrega de llaves. Me gustaría conocer más sobre sus necesidades y ver cómo podemos ayudar. ¿Podrían estar disponibles para una reunión o podríamos conversar más por WhatsApp? Estoy a su disposición. Atentamente, Recrea Construction Riviera Maya",2026-03-14T01:29:27.886Z
Medium,general,false,false,false,El Elefante,,,9848730262,,Playa del Carmen,Quintana Roo,Mexico,,Hotel,"hospitality, openstreetmap",,0,,OpenStreetMap,"https://maps.google.com/?q=20.6273802,-87.0732349",https://www.openstreetmap.org/node/857998303,Call 9848730262 — ask for decision maker,"Hola El Elefante, espero que esté bien. Me dirijo a usted desde Recrea Construction, una empresa de construcción premium con base en la Riviera Maya. Entendemos que como parte de El Elefante | Hotel en Playa del Carmen, la búsqueda de soluciones de construcción de alta calidad es fundamental para su negocio. En Recrea Construction, nos especializamos en ofrecer servicios de construcción personalizados y de lujo. Me gustaría conocer más sobre sus proyectos actuales y explorar cómo podemos apoyarlo. ¿Le gustaría conversar un poco más sobre esto vía WhatsApp o reunirnos en Playa del Carmen? Recrea Construction Riviera Maya",2026-03-14T01:29:28.756Z
Medium,general,false,false,false,Los Itzaes,,reserva@itzaes.com,9848732397,http://www.itzaes.com,Playa del Carmen,Quintana Roo,Mexico,,Hotel,"hospitality, openstreetmap",,0,,OpenStreetMap,"https://maps.google.com/?q=20.6260876,-87.0740018",https://www.openstreetmap.org/node/858894317,Send intro email to reserva@itzaes.com,"Hola Los Itzaes, espero que se encuentren bien en Playa del Carmen. Me dirijo a ustedes porque entendemos que como parte del equipo de Los Itzaes | Hotel, están siempre en busca de soluciones de construcción de alta calidad para sus proyectos. En Recrea Construction, nos especializamos en ofrecer servicios de construcción premium en la Riviera Maya, desde diseño hasta entrega de llaves. Nos encantaría explorar cómo podemos apoyar a su equipo en sus próximos proyectos. ¿Les gustaría discutir más a fondo sobre cómo podemos ayudar? Pueden responder a este mensaje en WhatsApp o podemos programar una reunión en su conveniencia. Recrea Construction Riviera Maya",2026-03-14T01:29:29.392Z
High,work,false,false,true,Villa del Mar,,info@hotelvilladelmar.com,9848730863,https://hotelvilladelmar.com/,Playa del Carmen,Quintana Roo,Mexico,,Hotel,"hospitality, openstreetmap",,0,,OpenStreetMap,"https://maps.google.com/?q=20.6243693,-87.0752849",https://www.openstreetmap.org/node/858894548,Email info@hotelvilladelmar.com — offer construction quote for their project,"Hola Villa del Mar, espero que todo vaya bien en su proyecto de construcción en Playa del Carmen. En Recrea Construction nos especializamos en llevar a cabo proyectos de alta calidad en la Riviera Maya. Me gustaría ofrecerle una cotización gratuita y personalizada para su proyecto, para asegurarnos de que se ajuste a sus necesidades y presupuesto. Si está interesado, podemos hablar más a fondo por WhatsApp o programar una reunión en su hotel en Playa del Carmen. Por favor, no dude en hacérmelo saber. Atentamente, Recrea Construction Riviera Maya",2026-03-14T01:29:30.101Z
Medium,broker,true,false,false,RE/MAX,,,,,Playa del Carmen,Quintana Roo,Mexico,,Real Estate Agency,"real-estate, openstreetmap",,0,,OpenStreetMap,"https://maps.google.com/?q=20.630052,-87.071256",https://www.openstreetmap.org/node/858997353,Visit Google Maps listing to get contact info,"Hola RE/MAX, espero que estén teniendo un excelente día en Playa del Carmen. Me dirijo a ustedes porque entendemos el valor de la colaboración entre profesionales de la construcción y agentes inmobiliarios en la Riviera Maya. En Recrea Construction, nos gustaría explorar oportunidades de trabajo conjunto, ofreciéndoles una comisión de referencia por cada cliente que nos derive. Esto podría ser beneficioso para ambas partes, ya que podríamos ayudar a sus clientes a encontrar la propiedad de sus sueños. Me encantaría discutir más a fondo cómo podemos trabajar juntos. ¿Podríamos programar una reunión o conversar por WhatsApp? Recrea Construction Riviera Maya",2026-03-14T01:29:30.943Z
Medium,general,false,false,false,Maya Inn,,reservaciones@hotelmayainn.com,9848732796,,Playa del Carmen,Quintana Roo,Mexico,,Hotel,"hospitality, openstreetmap",,0,,OpenStreetMap,"https://maps.google.com/?q=20.6276431,-87.0730483",https://www.openstreetmap.org/node/858997389,Send intro email to reservaciones@hotelmayainn.com,"Hola Maya Inn,

Soy de Recrea Construction, empresa constructora especializada en proyectos residenciales y comerciales en Playa del Carmen y toda la Riviera Maya.

Te invitamos a ser parte de nuestro programa de referidos: por cada cliente que nos refieras y concrete un proyecto de construcción, te ofrecemos una COMISIÓN COMPETITIVA sobre el valor total de la obra.

✅ Comisión atractiva por referido
✅ Proyectos residenciales, condos, hoteles boutique y comerciales
✅ Empresa con experiencia comprobada en Riviera Maya
✅ Acompañamiento completo durante todo el proyecto

¿Tienes clientes que buscan construir en la zona? ¡Hablemos!

Recrea Construction Riviera Maya",2026-03-14T01:29:31.915Z
Medium,general,false,false,false,Aqualuna Hotel,,sabrina@xperiencehotelsresorts.com,9848731013,http://www.aqualunahotel.com,Playa del Carmen,Quintana Roo,Mexico,,Hotel,"hospitality, openstreetmap",,0,,OpenStreetMap,"https://maps.google.com/?q=20.6289878,-87.0720253",https://www.openstreetmap.org/node/858997488,Send intro email to sabrina@xperiencehotelsresorts.com,"Hola Aqualuna Hotel,

Soy de Recrea Construction, empresa constructora especializada en proyectos residenciales y comerciales en Playa del Carmen y toda la Riviera Maya.

Te invitamos a ser parte de nuestro programa de referidos: por cada cliente que nos refieras y concrete un proyecto de construcción, te ofrecemos una COMISIÓN COMPETITIVA sobre el valor total de la obra.

✅ Comisión atractiva por referido
✅ Proyectos residenciales, condos, hoteles boutique y comerciales
✅ Empresa con experiencia comprobada en Riviera Maya
✅ Acompañamiento completo durante todo el proyecto

¿Tienes clientes que buscan construir en la zona? ¡Hablemos!

Recrea Construction Riviera Maya",2026-03-14T01:29:31.992Z
Medium,general,false,false,false,Magic Blue,,reserve@magicresortgroup.com,9848732016,http://www.magicresortgroup.com,Playa del Carmen,Quintana Roo,Mexico,,Hotel,"hospitality, openstreetmap",,0,,OpenStreetMap,"https://maps.google.com/?q=20.6280047,-87.0727709",https://www.openstreetmap.org/node/858997532,Send intro email to reserve@magicresortgroup.com,"Hola Magic Blue,

Soy de Recrea Construction, empresa constructora especializada en proyectos residenciales y comerciales en Playa del Carmen y toda la Riviera Maya.

Te invitamos a ser parte de nuestro programa de referidos: por cada cliente que nos refieras y concrete un proyecto de construcción, te ofrecemos una COMISIÓN COMPETITIVA sobre el valor total de la obra.

✅ Comisión atractiva por referido
✅ Proyectos residenciales, condos, hoteles boutique y comerciales
✅ Empresa con experiencia comprobada en Riviera Maya
✅ Acompañamiento completo durante todo el proyecto

¿Tienes clientes que buscan construir en la zona? ¡Hablemos!

Recrea Construction Riviera Maya",2026-03-14T01:29:32.110Z
Medium,general,false,false,false,Nina by Tukan Hotels,,reservaciones@tukanhotels.com,9848732214,https://www.tukanhotels.com/,Playa del Carmen,Quintana Roo,Mexico,,Hotel,"hospitality, openstreetmap",,0,,OpenStreetMap,"https://maps.google.com/?q=20.625746,-87.0747607",https://www.openstreetmap.org/node/859063478,Send intro email to reservaciones@tukanhotels.com,"Hola Nina by Tukan Hotels,

Soy de Recrea Construction, empresa constructora especializada en proyectos residenciales y comerciales en Playa del Carmen y toda la Riviera Maya.

Te invitamos a ser parte de nuestro programa de referidos: por cada cliente que nos refieras y concrete un proyecto de construcción, te ofrecemos una COMISIÓN COMPETITIVA sobre el valor total de la obra.

✅ Comisión atractiva por referido
✅ Proyectos residenciales, condos, hoteles boutique y comerciales
✅ Empresa con experiencia comprobada en Riviera Maya
✅ Acompañamiento completo durante todo el proyecto

¿Tienes clientes que buscan construir en la zona? ¡Hablemos!

Recrea Construction Riviera Maya",2026-03-14T01:29:32.222Z
Medium,general,false,false,false,Sahara,,reservations@saharainplaya.com,9848732236,http://www.saharainplaya.com,Playa del Carmen,Quintana Roo,Mexico,,Hotel,"hospitality, openstreetmap",,0,,OpenStreetMap,"https://maps.google.com/?q=20.6268887,-87.0745631",https://www.openstreetmap.org/node/859063504,Send intro email to reservations@saharainplaya.com,"Hola Sahara,

Soy de Recrea Construction, empresa constructora especializada en proyectos residenciales y comerciales en Playa del Carmen y toda la Riviera Maya.

Te invitamos a ser parte de nuestro programa de referidos: por cada cliente que nos refieras y concrete un proyecto de construcción, te ofrecemos una COMISIÓN COMPETITIVA sobre el valor total de la obra.

✅ Comisión atractiva por referido
✅ Proyectos residenciales, condos, hoteles boutique y comerciales
✅ Empresa con experiencia comprobada en Riviera Maya
✅ Acompañamiento completo durante todo el proyecto

¿Tienes clientes que buscan construir en la zona? ¡Hablemos!

Recrea Construction Riviera Maya",2026-03-14T01:29:32.338Z
Medium,general,false,false,false,Happy Gecko,,happygeckohotel@gmail.com,9841470692,https://www.hostelworld.com/,Playa del Carmen,Quintana Roo,Mexico,,Hotel,"hospitality, openstreetmap",,0,,OpenStreetMap,"https://maps.google.com/?q=20.6260228,-87.0739132",https://www.openstreetmap.org/node/859063527,Send intro email to happygeckohotel@gmail.com,"Hola Happy Gecko,

Soy de Recrea Construction, empresa constructora especializada en proyectos residenciales y comerciales en Playa del Carmen y toda la Riviera Maya.

Te invitamos a ser parte de nuestro programa de referidos: por cada cliente que nos refieras y concrete un proyecto de construcción, te ofrecemos una COMISIÓN COMPETITIVA sobre el valor total de la obra.

✅ Comisión atractiva por referido
✅ Proyectos residenciales, condos, hoteles boutique y comerciales
✅ Empresa con experiencia comprobada en Riviera Maya
✅ Acompañamiento completo durante todo el proyecto

¿Tienes clientes que buscan construir en la zona? ¡Hablemos!

Recrea Construction Riviera Maya",2026-03-14T01:29:32.415Z
Medium,general,false,false,false,Panama Jack Resorts Gran Porto Playa del Carmen,,real@resorts.com.mx,9848734000,https://www.playaresorts.com/panama-jack-resorts-playa-del-carmen,Playa del Carmen,Quintana Roo,Mexico,,Hotel,"hospitality, openstreetmap",,0,,OpenStreetMap,"https://maps.google.com/?q=20.6287765,-87.0685509",https://www.openstreetmap.org/node/863771790,Send intro email to real@resorts.com.mx,"Hola Panama Jack Resorts Gran Porto Playa del Carmen,

Soy de Recrea Construction, empresa constructora especializada en proyectos residenciales y comerciales en Playa del Carmen y toda la Riviera Maya.

Te invitamos a ser parte de nuestro programa de referidos: por cada cliente que nos refieras y concrete un proyecto de construcción, te ofrecemos una COMISIÓN COMPETITIVA sobre el valor total de la obra.

✅ Comisión atractiva por referido
✅ Proyectos residenciales, condos, hoteles boutique y comerciales
✅ Empresa con experiencia comprobada en Riviera Maya
✅ Acompañamiento completo durante todo el proyecto

¿Tienes clientes que buscan construir en la zona? ¡Hablemos!

Recrea Construction Riviera Maya",2026-03-14T01:29:32.493Z
High,work,false,false,true,Maya Villa Condo Hotel,,sales@playaassoc.com,9848793918,https://www.condohotelsplayadelcarmen.com/,Playa del Carmen,Quintana Roo,Mexico,,Hotel,"hospitality, residential, openstreetmap",,0,,OpenStreetMap,"https://maps.google.com/?q=20.6283889,-87.0703114",https://www.openstreetmap.org/node/863771797,Email sales@playaassoc.com — offer construction quote for their project,"Hola Maya Villa Condo Hotel,

Somos Recrea Construction, constructora especializada en proyectos residenciales y comerciales en Playa del Carmen y la Riviera Maya.

Vimos su proyecto y nos gustaría presentarles una propuesta de construcción adaptada a sus necesidades.

🔨 ¿Por qué elegirnos?
✅ Presupuesto detallado sin costo
✅ Experiencia en villas, condos, hoteles boutique y comercio
✅ Materiales de calidad y acabados de primer nivel
✅ Cumplimiento de plazos y presupuesto garantizado
✅ Permisos y trámites incluidos

¿Podemos agendar una visita a su terreno/proyecto para presentar nuestra propuesta?

Recrea Construction Riviera Maya",2026-03-14T01:29:32.614Z
Medium,general,false,false,false,La Rana Cansada,,info@ranacansada.com,9848730389,http://www.ranacansada.com,Playa del Carmen,Quintana Roo,Mexico,,Hotel,"hospitality, openstreetmap",,0,,OpenStreetMap,"https://maps.google.com/?q=20.6271048,-87.073009",https://www.openstreetmap.org/node/863771847,Send intro email to info@ranacansada.com,"Hola La Rana Cansada,

Soy de Recrea Construction, empresa constructora especializada en proyectos residenciales y comerciales en Playa del Carmen y toda la Riviera Maya.

Te invitamos a ser parte de nuestro programa de referidos: por cada cliente que nos refieras y concrete un proyecto de construcción, te ofrecemos una COMISIÓN COMPETITIVA sobre el valor total de la obra.

✅ Comisión atractiva por referido
✅ Proyectos residenciales, condos, hoteles boutique y comerciales
✅ Empresa con experiencia comprobada en Riviera Maya
✅ Acompañamiento completo durante todo el proyecto

¿Tienes clientes que buscan construir en la zona? ¡Hablemos!

Recrea Construction Riviera Maya",2026-03-14T01:29:32.687Z
Medium,general,false,false,false,Plaza,,h_plazappc@hotmail.com,9848732193,http://www.hotelplazapdc.com.mx,Playa del Carmen,Quintana Roo,Mexico,,Hotel,"hospitality, openstreetmap",,0,,OpenStreetMap,"https://maps.google.com/?q=20.6264712,-87.0717508",https://www.openstreetmap.org/node/863771859,Send intro email to h_plazappc@hotmail.com,"Hola Plaza,

Soy de Recrea Construction, empresa constructora especializada en proyectos residenciales y comerciales en Playa del Carmen y toda la Riviera Maya.

Te invitamos a ser parte de nuestro programa de referidos: por cada cliente que nos refieras y concrete un proyecto de construcción, te ofrecemos una COMISIÓN COMPETITIVA sobre el valor total de la obra.

✅ Comisión atractiva por referido
✅ Proyectos residenciales, condos, hoteles boutique y comerciales
✅ Empresa con experiencia comprobada en Riviera Maya
✅ Acompañamiento completo durante todo el proyecto

¿Tienes clientes que buscan construir en la zona? ¡Hablemos!

Recrea Construction Riviera Maya",2026-03-14T01:29:32.805Z
Medium,general,false,false,false,Casa Santiago,,hostalsantiago@yahoo.com,9848730492,https://www.casasantiago.com.mx/,Playa del Carmen,Quintana Roo,Mexico,,Hotel,"hospitality, openstreetmap",,0,,OpenStreetMap,"https://maps.google.com/?q=20.6264007,-87.0718572",https://www.openstreetmap.org/node/863771868,Send intro email to hostalsantiago@yahoo.com,"Hola Casa Santiago, espero que esté bien. Me dirijo a usted desde Recrea Construction, una empresa de construcción premium en la Riviera Maya. Entendemos que como parte del equipo de Casa Santiago | Hotel en Playa del Carmen, busca siempre ofrecer la mejor experiencia a sus huéspedes. Nuestros servicios de construcción y diseño pueden ayudar a mejorar y expandir sus instalaciones. Me gustaría discutir cómo podemos apoyar a Casa Santiago en sus proyectos actuales o futuros. ¿Podríamos conversar un poco más por WhatsApp o programar una reunión en su conveniencia? Recrea Construction Riviera Maya",2026-03-14T01:29:32.923Z
Medium,general,false,false,false,Colibri,,info@hotel-colibri.com,9848031090,http://www.hotel-colibri.com,Playa del Carmen,Quintana Roo,Mexico,,Hotel,"hospitality, openstreetmap",,0,,OpenStreetMap,"https://maps.google.com/?q=20.6265921,-87.071392",https://www.openstreetmap.org/node/863771878,Send intro email to info@hotel-colibri.com,"Hola Colibri,

Soy de Recrea Construction, empresa constructora especializada en proyectos residenciales y comerciales en Playa del Carmen y toda la Riviera Maya.

Te invitamos a ser parte de nuestro programa de referidos: por cada cliente que nos refieras y concrete un proyecto de construcción, te ofrecemos una COMISIÓN COMPETITIVA sobre el valor total de la obra.

✅ Comisión atractiva por referido
✅ Proyectos residenciales, condos, hoteles boutique y comerciales
✅ Empresa con experiencia comprobada en Riviera Maya
✅ Acompañamiento completo durante todo el proyecto

¿Tienes clientes que buscan construir en la zona? ¡Hablemos!

Recrea Construction Riviera Maya",2026-03-14T01:29:33.715Z
Medium,general,false,false,false,"Hilton Playa del Carmen, an All-Inclusive Adult Only Resort",,real@resorts.com.mx,9848772900,,Playa del Carmen,Quintana Roo,Mexico,"Avenida Constituyentes, 2, Playa del Carmen, 77710",Hotel,"hospitality, openstreetmap",,0,,OpenStreetMap,"https://maps.google.com/?q=20.6296862,-87.0682891",https://www.openstreetmap.org/node/863771890,Send intro email to real@resorts.com.mx,"Hola Hilton Playa del Carmen, an All-Inclusive Adult Only Resort,

Soy de Recrea Construction, empresa constructora especializada en proyectos residenciales y comerciales en Playa del Carmen y toda la Riviera Maya.

Te invitamos a ser parte de nuestro programa de referidos: por cada cliente que nos refieras y concrete un proyecto de construcción, te ofrecemos una COMISIÓN COMPETITIVA sobre el valor total de la obra.

✅ Comisión atractiva por referido
✅ Proyectos residenciales, condos, hoteles boutique y comerciales
✅ Empresa con experiencia comprobada en Riviera Maya
✅ Acompañamiento completo durante todo el proyecto

¿Tienes clientes que buscan construir en la zona? ¡Hablemos!

Recrea Construction Riviera Maya",2026-03-14T01:29:33.785Z
Medium,general,false,false,false,Eclipse,,info@hoteleclipse.com,9848730629,http://www.hoteleclipse.com,Playa del Carmen,Quintana Roo,Mexico,,Hotel,"hospitality, openstreetmap",,0,,OpenStreetMap,"https://maps.google.com/?q=20.6274088,-87.0709574",https://www.openstreetmap.org/node/863771894,Send intro email to info@hoteleclipse.com,"Hola Eclipse,

Soy de Recrea Construction, empresa constructora especializada en proyectos residenciales y comerciales en Playa del Carmen y toda la Riviera Maya.

Te invitamos a ser parte de nuestro programa de referidos: por cada cliente que nos refieras y concrete un proyecto de construcción, te ofrecemos una COMISIÓN COMPETITIVA sobre el valor total de la obra.

✅ Comisión atractiva por referido
✅ Proyectos residenciales, condos, hoteles boutique y comerciales
✅ Empresa con experiencia comprobada en Riviera Maya
✅ Acompañamiento completo durante todo el proyecto

¿Tienes clientes que buscan construir en la zona? ¡Hablemos!

Recrea Construction Riviera Maya",2026-03-14T01:29:33.908Z
Medium,general,false,false,false,The Blue Pearl,,contact@thebluepearlsuites.com,9848032379,http://www.thebluepearl.com.mx,Playa del Carmen,Quintana Roo,Mexico,,Hotel,"hospitality, openstreetmap",,0,,OpenStreetMap,"https://maps.google.com/?q=20.6267212,-87.0714431",https://www.openstreetmap.org/node/863771899,Send intro email to contact@thebluepearlsuites.com,"Hola The Blue Pearl,

Soy de Recrea Construction, empresa constructora especializada en proyectos residenciales y comerciales en Playa del Carmen y toda la Riviera Maya.

Te invitamos a ser parte de nuestro programa de referidos: por cada cliente que nos refieras y concrete un proyecto de construcción, te ofrecemos una COMISIÓN COMPETITIVA sobre el valor total de la obra.

✅ Comisión atractiva por referido
✅ Proyectos residenciales, condos, hoteles boutique y comerciales
✅ Empresa con experiencia comprobada en Riviera Maya
✅ Acompañamiento completo durante todo el proyecto

¿Tienes clientes que buscan construir en la zona? ¡Hablemos!

Recrea Construction Riviera Maya",2026-03-14T01:29:34.018Z
Medium,general,false,false,false,Basico,,info@hotelbasico.com,9848794448,http://www.hotelbasico.com,Playa del Carmen,Quintana Roo,Mexico,,Hotel,"hospitality, openstreetmap",,0,,OpenStreetMap,"https://maps.google.com/?q=20.6268065,-87.0725282",https://www.openstreetmap.org/node/863771911,Send intro email to info@hotelbasico.com,"Hola Basico,

Soy de Recrea Construction, empresa constructora especializada en proyectos residenciales y comerciales en Playa del Carmen y toda la Riviera Maya.

Te invitamos a ser parte de nuestro programa de referidos: por cada cliente que nos refieras y concrete un proyecto de construcción, te ofrecemos una COMISIÓN COMPETITIVA sobre el valor total de la obra.

✅ Comisión atractiva por referido
✅ Proyectos residenciales, condos, hoteles boutique y comerciales
✅ Empresa con experiencia comprobada en Riviera Maya
✅ Acompañamiento completo durante todo el proyecto

¿Tienes clientes que buscan construir en la zona? ¡Hablemos!

Recrea Construction Riviera Maya",2026-03-14T01:29:34.138Z
Medium,general,false,false,false,Kinbe,,hotelkinbe@prodigy.net.mx,9848730441,https://www.kinbe.com/,Playa del Carmen,Quintana Roo,Mexico,,Hotel,"hospitality, openstreetmap",,0,,OpenStreetMap,"https://maps.google.com/?q=20.6265883,-87.0719425",https://www.openstreetmap.org/node/863771923,Send intro email to hotelkinbe@prodigy.net.mx,"Hola Kinbe,

Soy de Recrea Construction, empresa constructora especializada en proyectos residenciales y comerciales en Playa del Carmen y toda la Riviera Maya.

Te invitamos a ser parte de nuestro programa de referidos: por cada cliente que nos refieras y concrete un proyecto de construcción, te ofrecemos una COMISIÓN COMPETITIVA sobre el valor total de la obra.

✅ Comisión atractiva por referido
✅ Proyectos residenciales, condos, hoteles boutique y comerciales
✅ Empresa con experiencia comprobada en Riviera Maya
✅ Acompañamiento completo durante todo el proyecto

¿Tienes clientes que buscan construir en la zona? ¡Hablemos!

Recrea Construction Riviera Maya",2026-03-14T01:29:34.250Z
Medium,general,false,false,false,Corto Maltes,,frontcm@encantoresorts.com,9848731754,http://www.encantoresorts.com,Playa del Carmen,Quintana Roo,Mexico,,Hotel,"hospitality, openstreetmap",,0,,OpenStreetMap,"https://maps.google.com/?q=20.626305,-87.0714721",https://www.openstreetmap.org/node/863771932,Send intro email to frontcm@encantoresorts.com,"Hola Corto Maltes,

Soy de Recrea Construction, empresa constructora especializada en proyectos residenciales y comerciales en Playa del Carmen y toda la Riviera Maya.

Te invitamos a ser parte de nuestro programa de referidos: por cada cliente que nos refieras y concrete un proyecto de construcción, te ofrecemos una COMISIÓN COMPETITIVA sobre el valor total de la obra.

✅ Comisión atractiva por referido
✅ Proyectos residenciales, condos, hoteles boutique y comerciales
✅ Empresa con experiencia comprobada en Riviera Maya
✅ Acompañamiento completo durante todo el proyecto

¿Tienes clientes que buscan construir en la zona? ¡Hablemos!

Recrea Construction Riviera Maya",2026-03-14T01:29:34.325Z
High,work,false,false,true,Villas Sacbe,,info@villassacbecondos.com,9848793918,http://www.villassacbecondos.com,Playa del Carmen,Quintana Roo,Mexico,,Hotel,"hospitality, openstreetmap",,0,,OpenStreetMap,"https://maps.google.com/?q=20.6274627,-87.0709246",https://www.openstreetmap.org/node/863771935,Email info@villassacbecondos.com — offer construction quote for their project,"Hola Villas Sacbe,

Somos Recrea Construction, constructora especializada en proyectos residenciales y comerciales en Playa del Carmen y la Riviera Maya.

Vimos su proyecto y nos gustaría presentarles una propuesta de construcción adaptada a sus necesidades.

🔨 ¿Por qué elegirnos?
✅ Presupuesto detallado sin costo
✅ Experiencia en villas, condos, hoteles boutique y comercio
✅ Materiales de calidad y acabados de primer nivel
✅ Cumplimiento de plazos y presupuesto garantizado
✅ Permisos y trámites incluidos

¿Podemos agendar una visita a su terreno/proyecto para presentar nuestra propuesta?

Recrea Construction Riviera Maya",2026-03-14T01:29:34.398Z
Medium,general,false,false,false,Cohiba,,info@hotelcohibaplaya.com,9848733481,http://www.hotelcohibaplaya.com,Playa del Carmen,Quintana Roo,Mexico,,Hotel,"hospitality, openstreetmap",,0,,OpenStreetMap,"https://maps.google.com/?q=20.6271294,-87.0708387",https://www.openstreetmap.org/node/863771943,Send intro email to info@hotelcohibaplaya.com,"Hola Cohiba,

Soy de Recrea Construction, empresa constructora especializada en proyectos residenciales y comerciales en Playa del Carmen y toda la Riviera Maya.

Te invitamos a ser parte de nuestro programa de referidos: por cada cliente que nos refieras y concrete un proyecto de construcción, te ofrecemos una COMISIÓN COMPETITIVA sobre el valor total de la obra.

✅ Comisión atractiva por referido
✅ Proyectos residenciales, condos, hoteles boutique y comerciales
✅ Empresa con experiencia comprobada en Riviera Maya
✅ Acompañamiento completo durante todo el proyecto

¿Tienes clientes que buscan construir en la zona? ¡Hablemos!

Recrea Construction Riviera Maya",2026-03-14T01:29:34.512Z
Medium,general,false,false,false,Costa del Mar,,costamar@prodigy.net.mx,9848730850,https://www.hotelcostadelmar.com/,Playa del Carmen,Quintana Roo,Mexico,,Hotel,"hospitality, openstreetmap",,0,,OpenStreetMap,"https://maps.google.com/?q=20.6268102,-87.0712428",https://www.openstreetmap.org/node/863771957,Send intro email to costamar@prodigy.net.mx,"Hola Costa del Mar,

Soy de Recrea Construction, empresa constructora especializada en proyectos residenciales y comerciales en Playa del Carmen y toda la Riviera Maya.

Te invitamos a ser parte de nuestro programa de referidos: por cada cliente que nos refieras y concrete un proyecto de construcción, te ofrecemos una COMISIÓN COMPETITIVA sobre el valor total de la obra.

✅ Comisión atractiva por referido
✅ Proyectos residenciales, condos, hoteles boutique y comerciales
✅ Empresa con experiencia comprobada en Riviera Maya
✅ Acompañamiento completo durante todo el proyecto

¿Tienes clientes que buscan construir en la zona? ¡Hablemos!

Recrea Construction Riviera Maya",2026-03-14T01:29:34.584Z
Medium,general,false,false,false,Phantom Paradise,,phantomparadise@prodigy.net.mx,9848731974,,Playa del Carmen,Quintana Roo,Mexico,,Hotel,"hospitality, openstreetmap",,0,,OpenStreetMap,"https://maps.google.com/?q=20.627369,-87.0708833",https://www.openstreetmap.org/node/863771968,Send intro email to phantomparadise@prodigy.net.mx,"Hola Phantom Paradise,

Soy de Recrea Construction, empresa constructora especializada en proyectos residenciales y comerciales en Playa del Carmen y toda la Riviera Maya.

Te invitamos a ser parte de nuestro programa de referidos: por cada cliente que nos refieras y concrete un proyecto de construcción, te ofrecemos una COMISIÓN COMPETITIVA sobre el valor total de la obra.

✅ Comisión atractiva por referido
✅ Proyectos residenciales, condos, hoteles boutique y comerciales
✅ Empresa con experiencia comprobada en Riviera Maya
✅ Acompañamiento completo durante todo el proyecto

¿Tienes clientes que buscan construir en la zona? ¡Hablemos!

Recrea Construction Riviera Maya",2026-03-14T01:29:34.660Z
Medium,general,false,false,false,Kinka'a,,kinkaa@hotmail.com,9848731628,,Playa del Carmen,Quintana Roo,Mexico,,Hotel,"hospitality, openstreetmap",,0,,OpenStreetMap,"https://maps.google.com/?q=20.6275873,-87.0708356",https://www.openstreetmap.org/node/863771998,Send intro email to kinkaa@hotmail.com,"Hola Kinka'a,

Soy de Recrea Construction, empresa constructora especializada en proyectos residenciales y comerciales en Playa del Carmen y toda la Riviera Maya.

Te invitamos a ser parte de nuestro programa de referidos: por cada cliente que nos refieras y concrete un proyecto de construcción, te ofrecemos una COMISIÓN COMPETITIVA sobre el valor total de la obra.

✅ Comisión atractiva por referido
✅ Proyectos residenciales, condos, hoteles boutique y comerciales
✅ Empresa con experiencia comprobada en Riviera Maya
✅ Acompañamiento completo durante todo el proyecto

¿Tienes clientes que buscan construir en la zona? ¡Hablemos!

Recrea Construction Riviera Maya",2026-03-14T01:29:34.741Z
Medium,general,false,false,false,Tropical Casa Blanca,,tropicalcasablanca@prodigy.net.mx,9848730057,http://www.tropicalcasablanca.com.mx,Playa del Carmen,Quintana Roo,Mexico,,Hotel,"hospitality, openstreetmap",,0,,OpenStreetMap,"https://maps.google.com/?q=20.6269705,-87.0712718",https://www.openstreetmap.org/node/863772007,Send intro email to tropicalcasablanca@prodigy.net.mx,"Hola Tropical Casa Blanca,

Soy de Recrea Construction, empresa constructora especializada en proyectos residenciales y comerciales en Playa del Carmen y toda la Riviera Maya.

Te invitamos a ser parte de nuestro programa de referidos: por cada cliente que nos refieras y concrete un proyecto de construcción, te ofrecemos una COMISIÓN COMPETITIVA sobre el valor total de la obra.

✅ Comisión atractiva por referido
✅ Proyectos residenciales, condos, hoteles boutique y comerciales
✅ Empresa con experiencia comprobada en Riviera Maya
✅ Acompañamiento completo durante todo el proyecto

¿Tienes clientes que buscan construir en la zona? ¡Hablemos!

Recrea Construction Riviera Maya",2026-03-14T01:29:34.853Z
Medium,general,false,false,false,Vista Caribe,,hotelvistacaribe@hotmail.com,9848730349,http://www.hotelvistacaribe.com,Playa del Carmen,Quintana Roo,Mexico,,Hotel,"hospitality, openstreetmap",,0,,OpenStreetMap,"https://maps.google.com/?q=20.6248352,-87.0732646",https://www.openstreetmap.org/node/865040882,Send intro email to hotelvistacaribe@hotmail.com,"Hola Vista Caribe, espero que estén teniendo un excelente día en Playa del Carmen. Me dirijo a ustedes porque entendemos que como hotel en la zona, es importante contar con un socio de construcción confiable para sus proyectos. En Recrea Construction, ofrecemos servicios de construcción premium y personalizados para satisfacer las necesidades únicas de negocios como el suyo. Nos encantaría explorar cómo podemos apoyar el crecimiento y éxito de Vista Caribe. ¿Les gustaría discutir más sobre cómo podemos ayudar? Pueden responder a este mensaje de WhatsApp o programar una reunión a su conveniencia. Recrea Construction Riviera Maya",2026-03-14T01:29:34.960Z
Medium,general,false,false,false,Copa Cabaña,,contacto@thecopacabanahotel.com,9848730218,http://www.thecopacabanahotel.com,Playa del Carmen,Quintana Roo,Mexico,,Hotel,"hospitality, openstreetmap",,0,,OpenStreetMap,"https://maps.google.com/?q=20.627042,-87.0720082",https://www.openstreetmap.org/node/865040976,Send intro email to contacto@thecopacabanahotel.com,"Hola Copa Cabaña,

Soy de Recrea Construction, empresa constructora especializada en proyectos residenciales y comerciales en Playa del Carmen y toda la Riviera Maya.

Te invitamos a ser parte de nuestro programa de referidos: por cada cliente que nos refieras y concrete un proyecto de construcción, te ofrecemos una COMISIÓN COMPETITIVA sobre el valor total de la obra.

✅ Comisión atractiva por referido
✅ Proyectos residenciales, condos, hoteles boutique y comerciales
✅ Empresa con experiencia comprobada en Riviera Maya
✅ Acompañamiento completo durante todo el proyecto

¿Tienes clientes que buscan construir en la zona? ¡Hablemos!

Recrea Construction Riviera Maya",2026-03-14T01:29:36.073Z
Medium,general,false,false,false,El Jardin de Marieta,,hotelmarietaplaya@gmail.com,+52 984 873 0224,http://www.jardindemarieta.com,Playa del Carmen,Quintana Roo,Mexico,,Hotel,"hospitality, openstreetmap",,0,,OpenStreetMap,"https://maps.google.com/?q=20.6254688,-87.0731307",https://www.openstreetmap.org/node/865041053,Send intro email to hotelmarietaplaya@gmail.com,"Hola El Jardin de Marieta,

Soy de Recrea Construction, empresa constructora especializada en proyectos residenciales y comerciales en Playa del Carmen y toda la Riviera Maya.

Te invitamos a ser parte de nuestro programa de referidos: por cada cliente que nos refieras y concrete un proyecto de construcción, te ofrecemos una COMISIÓN COMPETITIVA sobre el valor total de la obra.

✅ Comisión atractiva por referido
✅ Proyectos residenciales, condos, hoteles boutique y comerciales
✅ Empresa con experiencia comprobada en Riviera Maya
✅ Acompañamiento completo durante todo el proyecto

¿Tienes clientes que buscan construir en la zona? ¡Hablemos!

Recrea Construction Riviera Maya",2026-03-14T01:29:36.188Z
Medium,general,false,false,false,Moongate by Tukan Hotels,,reservaciones@tukanhotels.com,9848731949,http://www.eltukancondotel.com,Playa del Carmen,Quintana Roo,Mexico,,Hotel,"hospitality, openstreetmap",,0,,OpenStreetMap,"https://maps.google.com/?q=20.6290397,-87.0705882",https://www.openstreetmap.org/node/865041339,Send intro email to reservaciones@tukanhotels.com,"Hola Moongate by Tukan Hotels,

Soy de Recrea Construction, empresa constructora especializada en proyectos residenciales y comerciales en Playa del Carmen y toda la Riviera Maya.

Te invitamos a ser parte de nuestro programa de referidos: por cada cliente que nos refieras y concrete un proyecto de construcción, te ofrecemos una COMISIÓN COMPETITIVA sobre el valor total de la obra.

✅ Comisión atractiva por referido
✅ Proyectos residenciales, condos, hoteles boutique y comerciales
✅ Empresa con experiencia comprobada en Riviera Maya
✅ Acompañamiento completo durante todo el proyecto

¿Tienes clientes que buscan construir en la zona? ¡Hablemos!

Recrea Construction Riviera Maya",2026-03-14T01:29:36.300Z
Medium,general,false,false,false,Jungla Caribe,,info@jungla-caribe.com,9848730974,http://www.jungla-caribe.com,Playa del Carmen,Quintana Roo,Mexico,,Hotel,"hospitality, openstreetmap",,0,,OpenStreetMap,"https://maps.google.com/?q=20.6257818,-87.0728757",https://www.openstreetmap.org/node/865041807,Send intro email to info@jungla-caribe.com,"Hola Jungla Caribe,

Soy de Recrea Construction, empresa constructora especializada en proyectos residenciales y comerciales en Playa del Carmen y toda la Riviera Maya.

Te invitamos a ser parte de nuestro programa de referidos: por cada cliente que nos refieras y concrete un proyecto de construcción, te ofrecemos una COMISIÓN COMPETITIVA sobre el valor total de la obra.

✅ Comisión atractiva por referido
✅ Proyectos residenciales, condos, hoteles boutique y comerciales
✅ Empresa con experiencia comprobada en Riviera Maya
✅ Acompañamiento completo durante todo el proyecto

¿Tienes clientes que buscan construir en la zona? ¡Hablemos!

Recrea Construction Riviera Maya",2026-03-14T01:29:36.408Z
Medium,general,false,false,false,Maya Bric,,info@mayabric.com,9848730011,http://www.mayabric.com,Playa del Carmen,Quintana Roo,Mexico,,Hotel,"hospitality, openstreetmap",,0,,OpenStreetMap,"https://maps.google.com/?q=20.6262485,-87.0725352",https://www.openstreetmap.org/node/865041988,Send intro email to info@mayabric.com,"Hola Maya Bric,

Soy de Recrea Construction, empresa constructora especializada en proyectos residenciales y comerciales en Playa del Carmen y toda la Riviera Maya.

Te invitamos a ser parte de nuestro programa de referidos: por cada cliente que nos refieras y concrete un proyecto de construcción, te ofrecemos una COMISIÓN COMPETITIVA sobre el valor total de la obra.

✅ Comisión atractiva por referido
✅ Proyectos residenciales, condos, hoteles boutique y comerciales
✅ Empresa con experiencia comprobada en Riviera Maya
✅ Acompañamiento completo durante todo el proyecto

¿Tienes clientes que buscan construir en la zona? ¡Hablemos!

Recrea Construction Riviera Maya",2026-03-14T01:29:36.481Z
Medium,general,false,false,false,Pension San Juan,,pensiosanjuan@prodigy.net.mx,9848730647,http://www.pensionsanjuan.com,Playa del Carmen,Quintana Roo,Mexico,,Hotel,"hospitality, openstreetmap",,0,,OpenStreetMap,"https://maps.google.com/?q=20.6251332,-87.0733131",https://www.openstreetmap.org/node/865042083,Send intro email to pensiosanjuan@prodigy.net.mx,"Hola Pension San Juan,

Soy de Recrea Construction, empresa constructora especializada en proyectos residenciales y comerciales en Playa del Carmen y toda la Riviera Maya.

Te invitamos a ser parte de nuestro programa de referidos: por cada cliente que nos refieras y concrete un proyecto de construcción, te ofrecemos una COMISIÓN COMPETITIVA sobre el valor total de la obra.

✅ Comisión atractiva por referido
✅ Proyectos residenciales, condos, hoteles boutique y comerciales
✅ Empresa con experiencia comprobada en Riviera Maya
✅ Acompañamiento completo durante todo el proyecto

¿Tienes clientes que buscan construir en la zona? ¡Hablemos!

Recrea Construction Riviera Maya",2026-03-14T01:29:36.556Z
Medium,general,false,false,false,Molcas,,caldana@molcas.com.mx,9848730070,http://www.molcas.com.mx,Playa del Carmen,Quintana Roo,Mexico,,Hotel,"hospitality, openstreetmap",,0,,OpenStreetMap,"https://maps.google.com/?q=20.621314,-87.0754433",https://www.openstreetmap.org/node/865061919,Send intro email to caldana@molcas.com.mx,"Hola Molcas,

Soy de Recrea Construction, empresa constructora especializada en proyectos residenciales y comerciales en Playa del Carmen y toda la Riviera Maya.

Te invitamos a ser parte de nuestro programa de referidos: por cada cliente que nos refieras y concrete un proyecto de construcción, te ofrecemos una COMISIÓN COMPETITIVA sobre el valor total de la obra.

✅ Comisión atractiva por referido
✅ Proyectos residenciales, condos, hoteles boutique y comerciales
✅ Empresa con experiencia comprobada en Riviera Maya
✅ Acompañamiento completo durante todo el proyecto

¿Tienes clientes que buscan construir en la zona? ¡Hablemos!

Recrea Construction Riviera Maya",2026-03-14T01:29:36.634Z
Medium,general,false,false,false,Posada Freud,,reservations@posadafreud.com,9848730601,http://www.posadafreud.com,Playa del Carmen,Quintana Roo,Mexico,,Hotel,"hospitality, openstreetmap",,0,,OpenStreetMap,"https://maps.google.com/?q=20.6264452,-87.0725361",https://www.openstreetmap.org/node/870856575,Send intro email to reservations@posadafreud.com,"Hola Posada Freud,

Soy de Recrea Construction, empresa constructora especializada en proyectos residenciales y comerciales en Playa del Carmen y toda la Riviera Maya.

Te invitamos a ser parte de nuestro programa de referidos: por cada cliente que nos refieras y concrete un proyecto de construcción, te ofrecemos una COMISIÓN COMPETITIVA sobre el valor total de la obra.

✅ Comisión atractiva por referido
✅ Proyectos residenciales, condos, hoteles boutique y comerciales
✅ Empresa con experiencia comprobada en Riviera Maya
✅ Acompañamiento completo durante todo el proyecto

¿Tienes clientes que buscan construir en la zona? ¡Hablemos!

Recrea Construction Riviera Maya",2026-03-14T01:29:36.753Z
Medium,general,false,false,false,La Azotea,,,,,Playa del Carmen,Quintana Roo,Mexico,,Hotel,"hospitality, openstreetmap",,0,,OpenStreetMap,"https://maps.google.com/?q=20.6259669,-87.0728816",https://www.openstreetmap.org/node/870856604,Visit Google Maps listing to get contact info,"Hola La Azotea,

Soy de Recrea Construction, empresa constructora especializada en proyectos residenciales y comerciales en Playa del Carmen y toda la Riviera Maya.

Te invitamos a ser parte de nuestro programa de referidos: por cada cliente que nos refieras y concrete un proyecto de construcción, te ofrecemos una COMISIÓN COMPETITIVA sobre el valor total de la obra.

✅ Comisión atractiva por referido
✅ Proyectos residenciales, condos, hoteles boutique y comerciales
✅ Empresa con experiencia comprobada en Riviera Maya
✅ Acompañamiento completo durante todo el proyecto

¿Tienes clientes que buscan construir en la zona? ¡Hablemos!

Recrea Construction Riviera Maya",2026-03-14T01:29:36.827Z
Medium,general,false,false,false,Posada Sergio's,,sergiostours@yahoo.com.mx,9848732777,,Playa del Carmen,Quintana Roo,Mexico,,Hotel,"hospitality, openstreetmap",,0,,OpenStreetMap,"https://maps.google.com/?q=20.6233306,-87.0746968",https://www.openstreetmap.org/node/870856612,Send intro email to sergiostours@yahoo.com.mx,"Hola Posada Sergio's,

Soy de Recrea Construction, empresa constructora especializada en proyectos residenciales y comerciales en Playa del Carmen y toda la Riviera Maya.

Te invitamos a ser parte de nuestro programa de referidos: por cada cliente que nos refieras y concrete un proyecto de construcción, te ofrecemos una COMISIÓN COMPETITIVA sobre el valor total de la obra.

✅ Comisión atractiva por referido
✅ Proyectos residenciales, condos, hoteles boutique y comerciales
✅ Empresa con experiencia comprobada en Riviera Maya
✅ Acompañamiento completo durante todo el proyecto

¿Tienes clientes que buscan construir en la zona? ¡Hablemos!

Recrea Construction Riviera Maya",2026-03-14T01:29:36.904Z
Medium,general,false,false,false,Siesta Fiesta,,info@siestafiestahotel.com,9848031509,https://www.siestafiestahotel.com/,Playa del Carmen,Quintana Roo,Mexico,,Hotel,"hospitality, openstreetmap",,0,,OpenStreetMap,"https://maps.google.com/?q=20.6265029,-87.0724961",https://www.openstreetmap.org/node/870856660,Send intro email to info@siestafiestahotel.com,"Hola Siesta Fiesta, espero que estés bien. Me dirijo a ti desde Recrea Construction, una empresa de construcción premium con base en la Riviera Maya. Entendemos que como parte del equipo de Siesta Fiesta | Hotel en Playa del Carmen, estarás buscando formas de mejorar y expandir tus instalaciones. En Recrea Construction, ofrecemos servicios de construcción personalizados y de alta calidad para el sector hotelero. Me gustaría saber más sobre tus proyectos actuales y ver cómo podemos ayudarte. ¿Te gustaría hablar un poco más sobre tus necesidades y objetivos a través de WhatsApp o quizás reunirnos en persona en tu conveniencia? Recrea Construction Riviera Maya",2026-03-14T01:29:37.019Z
Medium,general,false,false,false,Bananas Cabañas,,,9848730036,,Playa del Carmen,Quintana Roo,Mexico,,Hotel,"hospitality, openstreetmap",,0,,OpenStreetMap,"https://maps.google.com/?q=20.6253363,-87.0733292",https://www.openstreetmap.org/node/870856723,Call 9848730036 — ask for decision maker,"Hola Bananas Cabañas,

Soy de Recrea Construction, empresa constructora especializada en proyectos residenciales y comerciales en Playa del Carmen y toda la Riviera Maya.

Te invitamos a ser parte de nuestro programa de referidos: por cada cliente que nos refieras y concrete un proyecto de construcción, te ofrecemos una COMISIÓN COMPETITIVA sobre el valor total de la obra.

✅ Comisión atractiva por referido
✅ Proyectos residenciales, condos, hoteles boutique y comerciales
✅ Empresa con experiencia comprobada en Riviera Maya
✅ Acompañamiento completo durante todo el proyecto

¿Tienes clientes que buscan construir en la zona? ¡Hablemos!

Recrea Construction Riviera Maya",2026-03-14T01:29:37.872Z
Medium,general,false,false,false,Lunata,,info@lunata.com,9848730884,https://www.lunata.com/,Playa del Carmen,Quintana Roo,Mexico,,Hotel,"hospitality, openstreetmap",,0,,OpenStreetMap,"https://maps.google.com/?q=20.6255168,-87.0732028",https://www.openstreetmap.org/node/870856833,Send intro email to info@lunata.com,"Hola Lunata,

Soy de Recrea Construction, empresa constructora especializada en proyectos residenciales y comerciales en Playa del Carmen y toda la Riviera Maya.

Te invitamos a ser parte de nuestro programa de referidos: por cada cliente que nos refieras y concrete un proyecto de construcción, te ofrecemos una COMISIÓN COMPETITIVA sobre el valor total de la obra.

✅ Comisión atractiva por referido
✅ Proyectos residenciales, condos, hoteles boutique y comerciales
✅ Empresa con experiencia comprobada en Riviera Maya
✅ Acompañamiento completo durante todo el proyecto

¿Tienes clientes que buscan construir en la zona? ¡Hablemos!

Recrea Construction Riviera Maya",2026-03-14T01:29:37.988Z
Medium,general,false,false,false,Azul,,info@hotelazul-playa.com,9848730562,http://www.hotelazul-playa.com,Playa del Carmen,Quintana Roo,Mexico,,Hotel,"hospitality, openstreetmap",,0,,OpenStreetMap,"https://maps.google.com/?q=20.6271736,-87.0720392",https://www.openstreetmap.org/node/870856844,Send intro email to info@hotelazul-playa.com,"Hola Azul,

Soy de Recrea Construction, empresa constructora especializada en proyectos residenciales y comerciales en Playa del Carmen y toda la Riviera Maya.

Te invitamos a ser parte de nuestro programa de referidos: por cada cliente que nos refieras y concrete un proyecto de construcción, te ofrecemos una COMISIÓN COMPETITIVA sobre el valor total de la obra.

✅ Comisión atractiva por referido
✅ Proyectos residenciales, condos, hoteles boutique y comerciales
✅ Empresa con experiencia comprobada en Riviera Maya
✅ Acompañamiento completo durante todo el proyecto

¿Tienes clientes que buscan construir en la zona? ¡Hablemos!

Recrea Construction Riviera Maya",2026-03-14T01:29:38.099Z
Medium,general,false,false,false,El Tukan,,reservaciones@tukanhotels.com,9848731256,https://www.tukanhotels.com/,Playa del Carmen,Quintana Roo,Mexico,,Hotel,"hospitality, openstreetmap",,0,,OpenStreetMap,"https://maps.google.com/?q=20.6292642,-87.0706573",https://www.openstreetmap.org/node/870856905,Send intro email to reservaciones@tukanhotels.com,"Hola El Tukan,

Soy de Recrea Construction, empresa constructora especializada en proyectos residenciales y comerciales en Playa del Carmen y toda la Riviera Maya.

Te invitamos a ser parte de nuestro programa de referidos: por cada cliente que nos refieras y concrete un proyecto de construcción, te ofrecemos una COMISIÓN COMPETITIVA sobre el valor total de la obra.

✅ Comisión atractiva por referido
✅ Proyectos residenciales, condos, hoteles boutique y comerciales
✅ Empresa con experiencia comprobada en Riviera Maya
✅ Acompañamiento completo durante todo el proyecto

¿Tienes clientes que buscan construir en la zona? ¡Hablemos!

Recrea Construction Riviera Maya",2026-03-14T01:29:38.180Z
Medium,general,false,false,false,El Sol Del Caribe,,elsoldel_caribe@hotmail.com,9848730958,https://www.adondesalir.com/,Playa del Carmen,Quintana Roo,Mexico,,Hotel,"hospitality, openstreetmap",,0,,OpenStreetMap,"https://maps.google.com/?q=20.6249284,-87.0735765",https://www.openstreetmap.org/node/870856951,Send intro email to elsoldel_caribe@hotmail.com,"Hola El Sol Del Caribe,

Soy de Recrea Construction, empresa constructora especializada en proyectos residenciales y comerciales en Playa del Carmen y toda la Riviera Maya.

Te invitamos a ser parte de nuestro programa de referidos: por cada cliente que nos refieras y concrete un proyecto de construcción, te ofrecemos una COMISIÓN COMPETITIVA sobre el valor total de la obra.

✅ Comisión atractiva por referido
✅ Proyectos residenciales, condos, hoteles boutique y comerciales
✅ Empresa con experiencia comprobada en Riviera Maya
✅ Acompañamiento completo durante todo el proyecto

¿Tienes clientes que buscan construir en la zona? ¡Hablemos!

Recrea Construction Riviera Maya",2026-03-14T01:29:38.253Z
Medium,work,false,false,true,CASA DEL MAR CONDOS,,,,,Playa del Carmen,Quintana Roo,Mexico,,Hotel,"hospitality, residential, openstreetmap",,0,,OpenStreetMap,"https://maps.google.com/?q=20.6356354,-87.0613879",https://www.openstreetmap.org/node/898203762,Visit Google Maps listing to get contact info,"Hola CASA DEL MAR CONDOS,

Somos Recrea Construction, constructora especializada en proyectos residenciales y comerciales en Playa del Carmen y la Riviera Maya.

Vimos su proyecto y nos gustaría presentarles una propuesta de construcción adaptada a sus necesidades.

🔨 ¿Por qué elegirnos?
✅ Presupuesto detallado sin costo
✅ Experiencia en villas, condos, hoteles boutique y comercio
✅ Materiales de calidad y acabados de primer nivel
✅ Cumplimiento de plazos y presupuesto garantizado
✅ Permisos y trámites incluidos

¿Podemos agendar una visita a su terreno/proyecto para presentar nuestra propuesta?

Recrea Construction Riviera Maya",2026-03-14T01:29:38.329Z
Medium,general,false,false,false,Cielo,,info@hotelcielo.com,9848731227,https://www.hotelcielo.com/,Playa del Carmen,Quintana Roo,Mexico,,Hotel,"hospitality, openstreetmap",,0,,OpenStreetMap,"https://maps.google.com/?q=20.6243451,-87.0742625",https://www.openstreetmap.org/node/920559337,Send intro email to info@hotelcielo.com,"Hola Cielo,

Soy de Recrea Construction, empresa constructora especializada en proyectos residenciales y comerciales en Playa del Carmen y toda la Riviera Maya.

Te invitamos a ser parte de nuestro programa de referidos: por cada cliente que nos refieras y concrete un proyecto de construcción, te ofrecemos una COMISIÓN COMPETITIVA sobre el valor total de la obra.

✅ Comisión atractiva por referido
✅ Proyectos residenciales, condos, hoteles boutique y comerciales
✅ Empresa con experiencia comprobada en Riviera Maya
✅ Acompañamiento completo durante todo el proyecto

¿Tienes clientes que buscan construir en la zona? ¡Hablemos!

Recrea Construction Riviera Maya",2026-03-14T01:29:38.445Z
Medium,general,false,false,false,Lab Nah,,reservations@labnah.com,9848732099,https://www.labnah.com/,Playa del Carmen,Quintana Roo,Mexico,,Hotel,"hospitality, openstreetmap",,0,,OpenStreetMap,"https://maps.google.com/?q=20.6249301,-87.0731199",https://www.openstreetmap.org/node/920559339,Send intro email to reservations@labnah.com,"Hola Lab Nah,

Soy de Recrea Construction, empresa constructora especializada en proyectos residenciales y comerciales en Playa del Carmen y toda la Riviera Maya.

Te invitamos a ser parte de nuestro programa de referidos: por cada cliente que nos refieras y concrete un proyecto de construcción, te ofrecemos una COMISIÓN COMPETITIVA sobre el valor total de la obra.

✅ Comisión atractiva por referido
✅ Proyectos residenciales, condos, hoteles boutique y comerciales
✅ Empresa con experiencia comprobada en Riviera Maya
✅ Acompañamiento completo durante todo el proyecto

¿Tienes clientes que buscan construir en la zona? ¡Hablemos!

Recrea Construction Riviera Maya",2026-03-14T01:29:38.523Z
Medium,general,false,false,false,Luna Encantada,,,,,Playa del Carmen,Quintana Roo,Mexico,,Hotel,"hospitality, openstreetmap",,0,,OpenStreetMap,"https://maps.google.com/?q=20.6245226,-87.0727328",https://www.openstreetmap.org/node/920559343,Visit Google Maps listing to get contact info,"Hola Luna Encantada,

Soy de Recrea Construction, empresa constructora especializada en proyectos residenciales y comerciales en Playa del Carmen y toda la Riviera Maya.

Te invitamos a ser parte de nuestro programa de referidos: por cada cliente que nos refieras y concrete un proyecto de construcción, te ofrecemos una COMISIÓN COMPETITIVA sobre el valor total de la obra.

✅ Comisión atractiva por referido
✅ Proyectos residenciales, condos, hoteles boutique y comerciales
✅ Empresa con experiencia comprobada en Riviera Maya
✅ Acompañamiento completo durante todo el proyecto

¿Tienes clientes que buscan construir en la zona? ¡Hablemos!

Recrea Construction Riviera Maya",2026-03-14T01:29:38.594Z
Medium,general,false,false,false,Girasol,,hotelgirasol@cs.com,9848733068,http://www.hotel-girasol.com,Playa del Carmen,Quintana Roo,Mexico,,Hotel,"hospitality, openstreetmap",,0,,OpenStreetMap,"https://maps.google.com/?q=20.6319625,-87.069699",https://www.openstreetmap.org/node/920559347,Send intro email to hotelgirasol@cs.com,"Hola Girasol,

Soy de Recrea Construction, empresa constructora especializada en proyectos residenciales y comerciales en Playa del Carmen y toda la Riviera Maya.

Te invitamos a ser parte de nuestro programa de referidos: por cada cliente que nos refieras y concrete un proyecto de construcción, te ofrecemos una COMISIÓN COMPETITIVA sobre el valor total de la obra.

✅ Comisión atractiva por referido
✅ Proyectos residenciales, condos, hoteles boutique y comerciales
✅ Empresa con experiencia comprobada en Riviera Maya
✅ Acompañamiento completo durante todo el proyecto

¿Tienes clientes que buscan construir en la zona? ¡Hablemos!

Recrea Construction Riviera Maya",2026-03-14T01:29:38.665Z
Medium,general,false,false,false,Mosquito Blue,,sales@mosquitoblue.com,9848731245,http://www.mosquitoblue.com,Playa del Carmen,Quintana Roo,Mexico,,Hotel,"hospitality, openstreetmap",,0,,OpenStreetMap,"https://maps.google.com/?q=20.627812,-87.0719198",https://www.openstreetmap.org/node/920559363,Send intro email to sales@mosquitoblue.com,"Hola Mosquito Blue,

Soy de Recrea Construction, empresa constructora especializada en proyectos residenciales y comerciales en Playa del Carmen y toda la Riviera Maya.

Te invitamos a ser parte de nuestro programa de referidos: por cada cliente que nos refieras y concrete un proyecto de construcción, te ofrecemos una COMISIÓN COMPETITIVA sobre el valor total de la obra.

✅ Comisión atractiva por referido
✅ Proyectos residenciales, condos, hoteles boutique y comerciales
✅ Empresa con experiencia comprobada en Riviera Maya
✅ Acompañamiento completo durante todo el proyecto

¿Tienes clientes que buscan construir en la zona? ¡Hablemos!

Recrea Construction Riviera Maya",2026-03-14T01:29:38.742Z
Medium,general,false,false,false,Riviera Caribe Maya,,info@hotelrivieramaya.com,9848731193,https://www.hotelrivieramaya.com/,Playa del Carmen,Quintana Roo,Mexico,,Hotel,"hospitality, openstreetmap",,0,,OpenStreetMap,"https://maps.google.com/?q=20.6333848,-87.0687337",https://www.openstreetmap.org/node/920559379,Send intro email to info@hotelrivieramaya.com,"Hola Riviera Caribe Maya,

Soy de Recrea Construction, empresa constructora especializada en proyectos residenciales y comerciales en Playa del Carmen y toda la Riviera Maya.

Te invitamos a ser parte de nuestro programa de referidos: por cada cliente que nos refieras y concrete un proyecto de construcción, te ofrecemos una COMISIÓN COMPETITIVA sobre el valor total de la obra.

✅ Comisión atractiva por referido
✅ Proyectos residenciales, condos, hoteles boutique y comerciales
✅ Empresa con experiencia comprobada en Riviera Maya
✅ Acompañamiento completo durante todo el proyecto

¿Tienes clientes que buscan construir en la zona? ¡Hablemos!

Recrea Construction Riviera Maya",2026-03-14T01:29:38.822Z
Medium,general,false,false,false,Mayeli,,reservaciones@hotel-mayeli.com,9848732799,http://www.hotelmayeli.com,Playa del Carmen,Quintana Roo,Mexico,,Hotel,"hospitality, openstreetmap",,0,,OpenStreetMap,"https://maps.google.com/?q=20.6236608,-87.0753103",https://www.openstreetmap.org/node/920559395,Send intro email to reservaciones@hotel-mayeli.com,"Hola Mayeli,

Soy de Recrea Construction, empresa constructora especializada en proyectos residenciales y comerciales en Playa del Carmen y toda la Riviera Maya.

Te invitamos a ser parte de nuestro programa de referidos: por cada cliente que nos refieras y concrete un proyecto de construcción, te ofrecemos una COMISIÓN COMPETITIVA sobre el valor total de la obra.

✅ Comisión atractiva por referido
✅ Proyectos residenciales, condos, hoteles boutique y comerciales
✅ Empresa con experiencia comprobada en Riviera Maya
✅ Acompañamiento completo durante todo el proyecto

¿Tienes clientes que buscan construir en la zona? ¡Hablemos!

Recrea Construction Riviera Maya",2026-03-14T01:29:38.899Z
Medium,general,false,false,false,Luna Blue,,info@lunabluehotel.com,9848730990,http://www.lunabluehotel.com,Playa del Carmen,Quintana Roo,Mexico,,Hotel,"hospitality, openstreetmap",,0,,OpenStreetMap,"https://maps.google.com/?q=20.6323979,-87.0690716",https://www.openstreetmap.org/node/920559422,Send intro email to info@lunabluehotel.com,"Hola Luna Blue,

Soy de Recrea Construction, empresa constructora especializada en proyectos residenciales y comerciales en Playa del Carmen y toda la Riviera Maya.

Te invitamos a ser parte de nuestro programa de referidos: por cada cliente que nos refieras y concrete un proyecto de construcción, te ofrecemos una COMISIÓN COMPETITIVA sobre el valor total de la obra.

✅ Comisión atractiva por referido
✅ Proyectos residenciales, condos, hoteles boutique y comerciales
✅ Empresa con experiencia comprobada en Riviera Maya
✅ Acompañamiento completo durante todo el proyecto

¿Tienes clientes que buscan construir en la zona? ¡Hablemos!

Recrea Construction Riviera Maya",2026-03-14T01:29:38.975Z
Medium,general,false,false,false,Da Gabi,,dagabi@prodigy.net.mx,9848730048,http://www.hoteldagabi.com,Playa del Carmen,Quintana Roo,Mexico,,Hotel,"hospitality, openstreetmap",,0,,OpenStreetMap,"https://maps.google.com/?q=20.6273405,-87.0711765",https://www.openstreetmap.org/node/920559468,Send intro email to dagabi@prodigy.net.mx,"Hola Da Gabi, espero que estés bien. Me dirijo a ti desde Recrea Construction, una empresa de construcción premium en la Riviera Maya. Entiendo que como propietario de Da Gabi | Hotel en Playa del Carmen, la calidad y el servicio son fundamentales para ti. En Recrea Construction, nos especializamos en ofrecer servicios de construcción personalizados y de alta calidad para proyectos como el tuyo. Me gustaría saber más sobre tus necesidades actuales y ver cómo podemos apoyarte. ¿Te gustaría discutir sobre cómo podemos ayudar a Da Gabi | Hotel? Puedes escribirme aquí en WhatsApp o podemos coordinar una reunión en tu conveniencia. Recrea Construction Riviera Maya",2026-03-14T01:29:39.086Z
Medium,general,false,false,false,Aventura Mexicana,,hotelaventura@prodigy.net.mx,9848731876,https://www.aventuramexicana.com/,Playa del Carmen,Quintana Roo,Mexico,,Hotel,"hospitality, openstreetmap",,0,,OpenStreetMap,"https://maps.google.com/?q=20.6318086,-87.0694432",https://www.openstreetmap.org/node/920559483,Send intro email to hotelaventura@prodigy.net.mx,"Hola Aventura Mexicana,

Soy de Recrea Construction, empresa constructora especializada en proyectos residenciales y comerciales en Playa del Carmen y toda la Riviera Maya.

Te invitamos a ser parte de nuestro programa de referidos: por cada cliente que nos refieras y concrete un proyecto de construcción, te ofrecemos una COMISIÓN COMPETITIVA sobre el valor total de la obra.

✅ Comisión atractiva por referido
✅ Proyectos residenciales, condos, hoteles boutique y comerciales
✅ Empresa con experiencia comprobada en Riviera Maya
✅ Acompañamiento completo durante todo el proyecto

¿Tienes clientes que buscan construir en la zona? ¡Hablemos!

Recrea Construction Riviera Maya",2026-03-14T01:29:39.763Z
Medium,general,false,false,false,Cabañas La Ruina,,laruina@prodigy.net.mx,9848730405,,Playa del Carmen,Quintana Roo,Mexico,,Hotel,"hospitality, openstreetmap",,0,,OpenStreetMap,"https://maps.google.com/?q=20.6228701,-87.0740681",https://www.openstreetmap.org/node/920559496,Send intro email to laruina@prodigy.net.mx,"Hola Cabañas La Ruina,

Soy de Recrea Construction, empresa constructora especializada en proyectos residenciales y comerciales en Playa del Carmen y toda la Riviera Maya.

Te invitamos a ser parte de nuestro programa de referidos: por cada cliente que nos refieras y concrete un proyecto de construcción, te ofrecemos una COMISIÓN COMPETITIVA sobre el valor total de la obra.

✅ Comisión atractiva por referido
✅ Proyectos residenciales, condos, hoteles boutique y comerciales
✅ Empresa con experiencia comprobada en Riviera Maya
✅ Acompañamiento completo durante todo el proyecto

¿Tienes clientes que buscan construir en la zona? ¡Hablemos!

Recrea Construction Riviera Maya",2026-03-14T01:29:39.887Z
Medium,general,false,false,false,Hacienda Del Caribe,,info@haciendadelcaribe.com,9848733132,http://www.haciendadelcaribe.com,Playa del Carmen,Quintana Roo,Mexico,,Hotel,"hospitality, openstreetmap",,0,,OpenStreetMap,"https://maps.google.com/?q=20.6236262,-87.0752427",https://www.openstreetmap.org/node/920559564,Send intro email to info@haciendadelcaribe.com,"Hola Hacienda Del Caribe,

Soy de Recrea Construction, empresa constructora especializada en proyectos residenciales y comerciales en Playa del Carmen y toda la Riviera Maya.

Te invitamos a ser parte de nuestro programa de referidos: por cada cliente que nos refieras y concrete un proyecto de construcción, te ofrecemos una COMISIÓN COMPETITIVA sobre el valor total de la obra.

✅ Comisión atractiva por referido
✅ Proyectos residenciales, condos, hoteles boutique y comerciales
✅ Empresa con experiencia comprobada en Riviera Maya
✅ Acompañamiento completo durante todo el proyecto

¿Tienes clientes que buscan construir en la zona? ¡Hablemos!

Recrea Construction Riviera Maya",2026-03-14T01:29:39.999Z
Medium,general,false,false,false,Melissa,,,,,Playa del Carmen,Quintana Roo,Mexico,,Hotel,"hospitality, openstreetmap",,0,,OpenStreetMap,"https://maps.google.com/?q=20.6221743,-87.0746529",https://www.openstreetmap.org/node/920559579,Visit Google Maps listing to get contact info,"Hola Melissa,

Soy de Recrea Construction, empresa constructora especializada en proyectos residenciales y comerciales en Playa del Carmen y toda la Riviera Maya.

Te invitamos a ser parte de nuestro programa de referidos: por cada cliente que nos refieras y concrete un proyecto de construcción, te ofrecemos una COMISIÓN COMPETITIVA sobre el valor total de la obra.

✅ Comisión atractiva por referido
✅ Proyectos residenciales, condos, hoteles boutique y comerciales
✅ Empresa con experiencia comprobada en Riviera Maya
✅ Acompañamiento completo durante todo el proyecto

¿Tienes clientes que buscan construir en la zona? ¡Hablemos!

Recrea Construction Riviera Maya",2026-03-14T01:29:40.079Z
Medium,general,false,false,false,All Riviera,,mail@hotelallriviera.net,9848793444,http://www.hotelallriviera.com,Playa del Carmen,Quintana Roo,Mexico,,Hotel,"hospitality, openstreetmap",,0,,OpenStreetMap,"https://maps.google.com/?q=20.6229405,-87.0738498",https://www.openstreetmap.org/node/920559593,Send intro email to mail@hotelallriviera.net,"Hola All Riviera,

Soy de Recrea Construction, empresa constructora especializada en proyectos residenciales y comerciales en Playa del Carmen y toda la Riviera Maya.

Te invitamos a ser parte de nuestro programa de referidos: por cada cliente que nos refieras y concrete un proyecto de construcción, te ofrecemos una COMISIÓN COMPETITIVA sobre el valor total de la obra.

✅ Comisión atractiva por referido
✅ Proyectos residenciales, condos, hoteles boutique y comerciales
✅ Empresa con experiencia comprobada en Riviera Maya
✅ Acompañamiento completo durante todo el proyecto

¿Tienes clientes que buscan construir en la zona? ¡Hablemos!

Recrea Construction Riviera Maya",2026-03-14T01:29:40.195Z
Medium,general,false,false,false,Maria Sabina,,mariasabinahotel@gmail.com,9848730113,https://www.mariasabinahotel.com/,Playa del Carmen,Quintana Roo,Mexico,,Hotel,"hospitality, openstreetmap",,0,,OpenStreetMap,"https://maps.google.com/?q=20.6251475,-87.0737608",https://www.openstreetmap.org/node/920559660,Send intro email to mariasabinahotel@gmail.com,"Hola Maria Sabina,

Soy de Recrea Construction, empresa constructora especializada en proyectos residenciales y comerciales en Playa del Carmen y toda la Riviera Maya.

Te invitamos a ser parte de nuestro programa de referidos: por cada cliente que nos refieras y concrete un proyecto de construcción, te ofrecemos una COMISIÓN COMPETITIVA sobre el valor total de la obra.

✅ Comisión atractiva por referido
✅ Proyectos residenciales, condos, hoteles boutique y comerciales
✅ Empresa con experiencia comprobada en Riviera Maya
✅ Acompañamiento completo durante todo el proyecto

¿Tienes clientes que buscan construir en la zona? ¡Hablemos!

Recrea Construction Riviera Maya",2026-03-14T01:29:40.308Z
Medium,general,false,false,false,La Ruina,,,,,Playa del Carmen,Quintana Roo,Mexico,,Hotel,"hospitality, openstreetmap",,0,,OpenStreetMap,"https://maps.google.com/?q=20.6230423,-87.0740309",https://www.openstreetmap.org/node/920559673,Visit Google Maps listing to get contact info,"Hola La Ruina,

Soy de Recrea Construction, empresa constructora especializada en proyectos residenciales y comerciales en Playa del Carmen y toda la Riviera Maya.

Te invitamos a ser parte de nuestro programa de referidos: por cada cliente que nos refieras y concrete un proyecto de construcción, te ofrecemos una COMISIÓN COMPETITIVA sobre el valor total de la obra.

✅ Comisión atractiva por referido
✅ Proyectos residenciales, condos, hoteles boutique y comerciales
✅ Empresa con experiencia comprobada en Riviera Maya
✅ Acompañamiento completo durante todo el proyecto

¿Tienes clientes que buscan construir en la zona? ¡Hablemos!

Recrea Construction Riviera Maya",2026-03-14T01:29:40.380Z
Medium,general,false,false,false,Coco Rio,,hotelcocorio@hotmail.com,9848793361,https://www.hotelcocorio.com/,Playa del Carmen,Quintana Roo,Mexico,,Hotel,"hospitality, openstreetmap",,0,,OpenStreetMap,"https://maps.google.com/?q=20.632244,-87.0688361",https://www.openstreetmap.org/node/920559702,Send intro email to hotelcocorio@hotmail.com,"Hola Coco Rio,

Soy de Recrea Construction, empresa constructora especializada en proyectos residenciales y comerciales en Playa del Carmen y toda la Riviera Maya.

Te invitamos a ser parte de nuestro programa de referidos: por cada cliente que nos refieras y concrete un proyecto de construcción, te ofrecemos una COMISIÓN COMPETITIVA sobre el valor total de la obra.

✅ Comisión atractiva por referido
✅ Proyectos residenciales, condos, hoteles boutique y comerciales
✅ Empresa con experiencia comprobada en Riviera Maya
✅ Acompañamiento completo durante todo el proyecto

¿Tienes clientes que buscan construir en la zona? ¡Hablemos!

Recrea Construction Riviera Maya",2026-03-14T01:29:40.499Z
Medium,general,false,false,false,Reina Roja,,sales@reinarojahotel.com,9848793123,https://www.reinarojahotel.com/,Playa del Carmen,Quintana Roo,Mexico,,Hotel,"hospitality, openstreetmap",,0,,OpenStreetMap,"https://maps.google.com/?q=20.6310163,-87.0700884",https://www.openstreetmap.org/node/920559716,Send intro email to sales@reinarojahotel.com,"Hola Reina Roja,

Soy de Recrea Construction, empresa constructora especializada en proyectos residenciales y comerciales en Playa del Carmen y toda la Riviera Maya.

Te invitamos a ser parte de nuestro programa de referidos: por cada cliente que nos refieras y concrete un proyecto de construcción, te ofrecemos una COMISIÓN COMPETITIVA sobre el valor total de la obra.

✅ Comisión atractiva por referido
✅ Proyectos residenciales, condos, hoteles boutique y comerciales
✅ Empresa con experiencia comprobada en Riviera Maya
✅ Acompañamiento completo durante todo el proyecto

¿Tienes clientes que buscan construir en la zona? ¡Hablemos!

Recrea Construction Riviera Maya",2026-03-14T01:29:40.575Z
Medium,general,false,false,false,The Brio Hotel,,,,,Playa del Carmen,Quintana Roo,Mexico,,Hotel,"hospitality, openstreetmap",,0,,OpenStreetMap,"https://maps.google.com/?q=20.6328212,-87.0686739",https://www.openstreetmap.org/node/920559725,Visit Google Maps listing to get contact info,"Hola The Brio Hotel,

Soy de Recrea Construction, empresa constructora especializada en proyectos residenciales y comerciales en Playa del Carmen y toda la Riviera Maya.

Te invitamos a ser parte de nuestro programa de referidos: por cada cliente que nos refieras y concrete un proyecto de construcción, te ofrecemos una COMISIÓN COMPETITIVA sobre el valor total de la obra.

✅ Comisión atractiva por referido
✅ Proyectos residenciales, condos, hoteles boutique y comerciales
✅ Empresa con experiencia comprobada en Riviera Maya
✅ Acompañamiento completo durante todo el proyecto

¿Tienes clientes que buscan construir en la zona? ¡Hablemos!

Recrea Construction Riviera Maya",2026-03-14T01:29:40.650Z
Medium,general,false,false,false,In Fashion,,reservations@infashionhotel.com,9848794740,http://www.infashionhotel.com,Playa del Carmen,Quintana Roo,Mexico,,Hotel,"hospitality, openstreetmap",,0,,OpenStreetMap,"https://maps.google.com/?q=20.6278511,-87.0722238",https://www.openstreetmap.org/node/920559804,Send intro email to reservations@infashionhotel.com,"Hola In Fashion,

Soy de Recrea Construction, empresa constructora especializada en proyectos residenciales y comerciales en Playa del Carmen y toda la Riviera Maya.

Te invitamos a ser parte de nuestro programa de referidos: por cada cliente que nos refieras y concrete un proyecto de construcción, te ofrecemos una COMISIÓN COMPETITIVA sobre el valor total de la obra.

✅ Comisión atractiva por referido
✅ Proyectos residenciales, condos, hoteles boutique y comerciales
✅ Empresa con experiencia comprobada en Riviera Maya
✅ Acompañamiento completo durante todo el proyecto

¿Tienes clientes que buscan construir en la zona? ¡Hablemos!

Recrea Construction Riviera Maya",2026-03-14T01:29:40.772Z
Medium,general,false,false,false,Plaza Mariachi,,hotelplazamariachi@hotmail.com,9848731518,,Playa del Carmen,Quintana Roo,Mexico,,Hotel,"hospitality, openstreetmap",,0,,OpenStreetMap,"https://maps.google.com/?q=20.6290708,-87.0703003",https://www.openstreetmap.org/node/920559858,Send intro email to hotelplazamariachi@hotmail.com,"Hola Plaza Mariachi,

Soy de Recrea Construction, empresa constructora especializada en proyectos residenciales y comerciales en Playa del Carmen y toda la Riviera Maya.

Te invitamos a ser parte de nuestro programa de referidos: por cada cliente que nos refieras y concrete un proyecto de construcción, te ofrecemos una COMISIÓN COMPETITIVA sobre el valor total de la obra.

✅ Comisión atractiva por referido
✅ Proyectos residenciales, condos, hoteles boutique y comerciales
✅ Empresa con experiencia comprobada en Riviera Maya
✅ Acompañamiento completo durante todo el proyecto

¿Tienes clientes que buscan construir en la zona? ¡Hablemos!

Recrea Construction Riviera Maya",2026-03-14T01:29:40.849Z
Medium,general,false,false,false,Riviera del Sol,,mail@rivieradelsol.com,9848733100,https://rivieradelsol.com/,Playa del Carmen,Quintana Roo,Mexico,,Hotel,"hospitality, openstreetmap",,0,,OpenStreetMap,"https://maps.google.com/?q=20.6325464,-87.0673809",https://www.openstreetmap.org/node/920559915,Send intro email to mail@rivieradelsol.com,"Hola Riviera del Sol,

Soy de Recrea Construction, empresa constructora especializada en proyectos residenciales y comerciales en Playa del Carmen y toda la Riviera Maya.

Te invitamos a ser parte de nuestro programa de referidos: por cada cliente que nos refieras y concrete un proyecto de construcción, te ofrecemos una COMISIÓN COMPETITIVA sobre el valor total de la obra.

✅ Comisión atractiva por referido
✅ Proyectos residenciales, condos, hoteles boutique y comerciales
✅ Empresa con experiencia comprobada en Riviera Maya
✅ Acompañamiento completo durante todo el proyecto

¿Tienes clientes que buscan construir en la zona? ¡Hablemos!

Recrea Construction Riviera Maya",2026-03-14T01:29:40.972Z
Medium,general,false,false,false,Rio Playa,,,,,Playa del Carmen,Quintana Roo,Mexico,,Hotel,"hospitality, openstreetmap",,0,,OpenStreetMap,"https://maps.google.com/?q=20.6261266,-87.0733781",https://www.openstreetmap.org/node/920559933,Visit Google Maps listing to get contact info,"Hola Rio Playa,

Soy de Recrea Construction, empresa constructora especializada en proyectos residenciales y comerciales en Playa del Carmen y toda la Riviera Maya.

Te invitamos a ser parte de nuestro programa de referidos: por cada cliente que nos refieras y concrete un proyecto de construcción, te ofrecemos una COMISIÓN COMPETITIVA sobre el valor total de la obra.

✅ Comisión atractiva por referido
✅ Proyectos residenciales, condos, hoteles boutique y comerciales
✅ Empresa con experiencia comprobada en Riviera Maya
✅ Acompañamiento completo durante todo el proyecto

¿Tienes clientes que buscan construir en la zona? ¡Hablemos!

Recrea Construction Riviera Maya",2026-03-14T01:29:41.088Z
Medium,general,false,false,false,Grand Mayan,,,,https://www.vidanta.com/en/web/riviera-maya/the-grand-mayan,Quintana Roo,Quintana Roo,Mexico,,Hotel,"hospitality, openstreetmap",,0,,OpenStreetMap,"https://maps.google.com/?q=20.7652141,-86.956183",https://www.openstreetmap.org/node/938895068,Visit https://www.vidanta.com/en/web/riviera-maya/the-grand-mayan and find contact form,"Hola Grand Mayan, espero que esté bien. Me dirijo a usted desde Recrea Construction, una empresa de construcción premium con sede en la Riviera Maya. Entendemos que como parte del equipo de Grand Mayan | Hotel en Quintana Roo, usted valoriza la calidad y el detalle en los proyectos de construcción. En Recrea, nos especializamos en ofrecer servicios de construcción personalizados para satisfacer las necesidades únicas de nuestros clientes. Me gustaría conversar con usted sobre cómo podemos apoyar a Grand Mayan en sus proyectos actuales o futuros. ¿Podríamos coordinar una reunión o conversar por WhatsApp para explorar oportunidades de colaboración? Recrea Construction Riviera Maya",2026-03-14T01:29:41.168Z
Medium,general,false,false,false,Sandos Caracol,,,,,Playa del Carmen,Quintana Roo,Mexico,,Hotel,"hospitality, openstreetmap",,0,,OpenStreetMap,"https://maps.google.com/?q=20.6619034,-87.0384023",https://www.openstreetmap.org/node/938895196,Visit Google Maps listing to get contact info,"Hola Sandos Caracol,

Soy de Recrea Construction, empresa constructora especializada en proyectos residenciales y comerciales en Playa del Carmen y toda la Riviera Maya.

Te invitamos a ser parte de nuestro programa de referidos: por cada cliente que nos refieras y concrete un proyecto de construcción, te ofrecemos una COMISIÓN COMPETITIVA sobre el valor total de la obra.

✅ Comisión atractiva por referido
✅ Proyectos residenciales, condos, hoteles boutique y comerciales
✅ Empresa con experiencia comprobada en Riviera Maya
✅ Acompañamiento completo durante todo el proyecto

¿Tienes clientes que buscan construir en la zona? ¡Hablemos!

Recrea Construction Riviera Maya",2026-03-14T01:29:42.125Z
Medium,general,false,false,false,Secrets Maroma Beach Riviera,Catalonia,,,,Quintana Roo,Quintana Roo,Mexico,,Hotel,"hospitality, openstreetmap",,0,,OpenStreetMap,"https://maps.google.com/?q=20.7371433,-86.9693523",https://www.openstreetmap.org/node/938895694,Visit Google Maps listing to get contact info,"Hola Catalonia,

Soy de Recrea Construction, empresa constructora especializada en proyectos residenciales y comerciales en Quintana Roo y toda la Riviera Maya.

Te invitamos a ser parte de nuestro programa de referidos: por cada cliente que nos refieras y concrete un proyecto de construcción, te ofrecemos una COMISIÓN COMPETITIVA sobre el valor total de la obra.

✅ Comisión atractiva por referido
✅ Proyectos residenciales, condos, hoteles boutique y comerciales
✅ Empresa con experiencia comprobada en Riviera Maya
✅ Acompañamiento completo durante todo el proyecto

¿Tienes clientes que buscan construir en la zona? ¡Hablemos!

Recrea Construction Riviera Maya",2026-03-14T01:29:42.199Z
Medium,general,false,false,false,Paraiso de la Bonita,,,,,Quintana Roo,Quintana Roo,Mexico,,Hotel,"hospitality, openstreetmap",,0,,OpenStreetMap,"https://maps.google.com/?q=20.9125228,-86.8468004",https://www.openstreetmap.org/node/938895780,Visit Google Maps listing to get contact info,"Hola Paraiso de la Bonita,

Soy de Recrea Construction, empresa constructora especializada en proyectos residenciales y comerciales en Quintana Roo y toda la Riviera Maya.

Te invitamos a ser parte de nuestro programa de referidos: por cada cliente que nos refieras y concrete un proyecto de construcción, te ofrecemos una COMISIÓN COMPETITIVA sobre el valor total de la obra.

✅ Comisión atractiva por referido
✅ Proyectos residenciales, condos, hoteles boutique y comerciales
✅ Empresa con experiencia comprobada en Riviera Maya
✅ Acompañamiento completo durante todo el proyecto

¿Tienes clientes que buscan construir en la zona? ¡Hablemos!

Recrea Construction Riviera Maya",2026-03-14T01:29:42.316Z
Medium,general,false,false,false,Palmar Beach Riviera Maya,,,,,Quintana Roo,Quintana Roo,Mexico,,Hotel,"hospitality, openstreetmap",,0,,OpenStreetMap,"https://maps.google.com/?q=20.9048193,-86.8475388",https://www.openstreetmap.org/node/938895875,Visit Google Maps listing to get contact info,"Hola Palmar Beach Riviera Maya,

Soy de Recrea Construction, empresa constructora especializada en proyectos residenciales y comerciales en Quintana Roo y toda la Riviera Maya.

Te invitamos a ser parte de nuestro programa de referidos: por cada cliente que nos refieras y concrete un proyecto de construcción, te ofrecemos una COMISIÓN COMPETITIVA sobre el valor total de la obra.

✅ Comisión atractiva por referido
✅ Proyectos residenciales, condos, hoteles boutique y comerciales
✅ Empresa con experiencia comprobada en Riviera Maya
✅ Acompañamiento completo durante todo el proyecto

¿Tienes clientes que buscan construir en la zona? ¡Hablemos!

Recrea Construction Riviera Maya",2026-03-14T01:29:42.391Z